-- DML

-- ASA_CODE_CATEGORY
Insert into ASA_CODE_CATEGORY (CAT_ID,CAT_NAME,CAT_NAME_EN,CAT_DESCRIPTION,CAT_REGDATE) values ('tel_area_code','지역번호','area code','지역번호 DDD',to_date('18/05/02','RR/MM/DD'));
Insert into ASA_CODE_CATEGORY (CAT_ID,CAT_NAME,CAT_NAME_EN,CAT_DESCRIPTION,CAT_REGDATE) values ('mobile1_code','휴대폰번호 앞자리','mobile number 1','휴대폰번호 앞자리',to_date('18/05/02','RR/MM/DD'));
Insert into ASA_CODE_CATEGORY (CAT_ID,CAT_NAME,CAT_NAME_EN,CAT_DESCRIPTION,CAT_REGDATE) values ('position','직급/직책','Position','지급/직책',to_date('18/05/16','RR/MM/DD'));
Insert into ASA_CODE_CATEGORY (CAT_ID,CAT_NAME,CAT_NAME_EN,CAT_DESCRIPTION,CAT_REGDATE) values ('NURI_TYPE','공공누리 유형','Nuri type','공공누리 유형',to_date('18/06/11','RR/MM/DD'));
Insert into ASA_CODE_CATEGORY (CAT_ID,CAT_NAME,CAT_NAME_EN,CAT_DESCRIPTION,CAT_REGDATE) values ('moduleCode','프로그램','moduleCode','프로그램 구분',to_date('18/08/23','RR/MM/DD'));
Insert into ASA_CODE_CATEGORY (CAT_ID,CAT_NAME,CAT_NAME_EN,CAT_DESCRIPTION,CAT_REGDATE) values ('reservOrgDivCode','신청기관구분','reservOrgDivCode','대관/대여 신청기관구분 코드',to_date('18/11/08','RR/MM/DD'));
Insert into ASA_CODE_CATEGORY (CAT_ID,CAT_NAME,CAT_NAME_EN,CAT_DESCRIPTION,CAT_REGDATE) values ('DAYOFWEEK','요일','Day of Week','요일 코드',to_date('18/11/01','RR/MM/DD'));
Insert into ASA_CODE_CATEGORY (CAT_ID,CAT_NAME,CAT_NAME_EN,CAT_DESCRIPTION,CAT_REGDATE) values ('reservStatus','신청상태','reservStatus','신청상태',to_date('18/11/09','RR/MM/DD'));
Insert into ASA_CODE_CATEGORY (CAT_ID,CAT_NAME,CAT_NAME_EN,CAT_DESCRIPTION,CAT_REGDATE) values ('reservPaidType','결제수단','reservPaidType','대관/대여 결제수단',to_date('18/11/09','RR/MM/DD'));
Insert into ASA_CODE_CATEGORY (CAT_ID,CAT_NAME,CAT_NAME_EN,CAT_DESCRIPTION,CAT_REGDATE) values ('menu_hash_tag','메뉴 구분 해시태그','Menu Hash tag','콘텐츠 메뉴의 구분을 위한 Hash tag',to_date('18/11/12','RR/MM/DD'));
Insert into ASA_CODE_CATEGORY (CAT_ID,CAT_NAME,CAT_NAME_EN,CAT_DESCRIPTION,CAT_REGDATE) values ('provider','API 제공 사이트','api provider','API 제공 사이트',to_date('19/02/12','RR/MM/DD'));
Insert into ASA_CODE_CATEGORY (CAT_ID,CAT_NAME,CAT_NAME_EN,CAT_DESCRIPTION,CAT_REGDATE) values ('returnType','API 리턴유형','return Type','API 리턴유형',to_date('19/02/12','RR/MM/DD'));
Insert into ASA_CODE_CATEGORY (CAT_ID,CAT_NAME,CAT_NAME_EN,CAT_DESCRIPTION,CAT_REGDATE) values ('commContentCate1','공통콘텐츠 카테고리1','commContentCate1','공통콘텐츠 카테고리1',to_date('19/02/25','RR/MM/DD'));
Insert into ASA_CODE_CATEGORY (CAT_ID,CAT_NAME,CAT_NAME_EN,CAT_DESCRIPTION,CAT_REGDATE) values ('commContentCate2','공통콘텐츠 카테고리2','commContentCate2','공통콘텐츠 카테고리2',to_date('19/02/25','RR/MM/DD'));
Insert into ASA_CODE_CATEGORY (CAT_ID,CAT_NAME,CAT_NAME_EN,CAT_DESCRIPTION,CAT_REGDATE) values ('commContentCate3','공통콘텐츠 카테고리3','commContentCate3','공통콘텐츠 카테고리3',to_date('19/02/25','RR/MM/DD'));
Insert into ASA_CODE_CATEGORY (CAT_ID,CAT_NAME,CAT_NAME_EN,CAT_DESCRIPTION,CAT_REGDATE) values ('rentPaymentType','대관결제방법','rentPaymentTypt','대관결제방법',to_date('19/07/30','RR/MM/DD'));
Insert into ASA_CODE_CATEGORY (CAT_ID,CAT_NAME,CAT_NAME_EN,CAT_DESCRIPTION,CAT_REGDATE) values ('rentReservType','대관접수방법','rentReservTypt','대관접수방법',to_date('19/07/29','RR/MM/DD'));
Insert into ASA_CODE_CATEGORY (CAT_ID,CAT_NAME,CAT_NAME_EN,CAT_DESCRIPTION,CAT_REGDATE) values ('rent_cate2','대관 시설 공간유형','rent_cate2','대관 시설 공간유형',to_date('19/07/26','RR/MM/DD'));
Insert into ASA_CODE_CATEGORY (CAT_ID,CAT_NAME,CAT_NAME_EN,CAT_DESCRIPTION,CAT_REGDATE) values ('rent_cate1','대관 시설 구분코드1','rent_cate1','대관 시설 구분코드1',to_date('19/07/26','RR/MM/DD'));
Insert into ASA_CODE_CATEGORY (CAT_ID,CAT_NAME,CAT_NAME_EN,CAT_DESCRIPTION,CAT_REGDATE) values ('rentReservStatus','신청상태','reservStatus','신청상태',to_date('18/11/09','RR/MM/DD'));

-- ASA_CODE
Insert into ASA_CODE (CODE_ID,CAT_ID,CODE_NAME,CODE_NAME_EN,CODE_DESCRIPTION,CODE_USE,CODE_REGDATE,CODE_ORDER) values ('02','tel_area_code','02','02','서울 지역번호',1,to_date('18/05/02','RR/MM/DD'),1);
Insert into ASA_CODE (CODE_ID,CAT_ID,CODE_NAME,CODE_NAME_EN,CODE_DESCRIPTION,CODE_USE,CODE_REGDATE,CODE_ORDER) values ('031','tel_area_code','031','031','경기 지역번호',1,to_date('18/05/02','RR/MM/DD'),2);
Insert into ASA_CODE (CODE_ID,CAT_ID,CODE_NAME,CODE_NAME_EN,CODE_DESCRIPTION,CODE_USE,CODE_REGDATE,CODE_ORDER) values ('032','tel_area_code','032','032','인천 지역번호',1,to_date('18/05/02','RR/MM/DD'),3);
Insert into ASA_CODE (CODE_ID,CAT_ID,CODE_NAME,CODE_NAME_EN,CODE_DESCRIPTION,CODE_USE,CODE_REGDATE,CODE_ORDER) values ('033','tel_area_code','033','033','강원 지역번호',1,to_date('18/05/02','RR/MM/DD'),4);
Insert into ASA_CODE (CODE_ID,CAT_ID,CODE_NAME,CODE_NAME_EN,CODE_DESCRIPTION,CODE_USE,CODE_REGDATE,CODE_ORDER) values ('041','tel_area_code','041','041','충남 지역번호',1,to_date('18/05/02','RR/MM/DD'),5);
Insert into ASA_CODE (CODE_ID,CAT_ID,CODE_NAME,CODE_NAME_EN,CODE_DESCRIPTION,CODE_USE,CODE_REGDATE,CODE_ORDER) values ('042','tel_area_code','042','042','대전 지역번호',1,to_date('18/05/02','RR/MM/DD'),6);
Insert into ASA_CODE (CODE_ID,CAT_ID,CODE_NAME,CODE_NAME_EN,CODE_DESCRIPTION,CODE_USE,CODE_REGDATE,CODE_ORDER) values ('043','tel_area_code','043','043','충북 지역번호',1,to_date('18/05/02','RR/MM/DD'),7);
Insert into ASA_CODE (CODE_ID,CAT_ID,CODE_NAME,CODE_NAME_EN,CODE_DESCRIPTION,CODE_USE,CODE_REGDATE,CODE_ORDER) values ('044','tel_area_code','044','044','세종 지역번호',1,to_date('18/05/02','RR/MM/DD'),8);
Insert into ASA_CODE (CODE_ID,CAT_ID,CODE_NAME,CODE_NAME_EN,CODE_DESCRIPTION,CODE_USE,CODE_REGDATE,CODE_ORDER) values ('051','tel_area_code','051','051','부산 지역번호',1,to_date('18/05/02','RR/MM/DD'),9);
Insert into ASA_CODE (CODE_ID,CAT_ID,CODE_NAME,CODE_NAME_EN,CODE_DESCRIPTION,CODE_USE,CODE_REGDATE,CODE_ORDER) values ('052','tel_area_code','052','052','울산 지역번호',1,to_date('18/05/02','RR/MM/DD'),10);
Insert into ASA_CODE (CODE_ID,CAT_ID,CODE_NAME,CODE_NAME_EN,CODE_DESCRIPTION,CODE_USE,CODE_REGDATE,CODE_ORDER) values ('053','tel_area_code','053','053','대구 지역번호',1,to_date('18/05/02','RR/MM/DD'),11);
Insert into ASA_CODE (CODE_ID,CAT_ID,CODE_NAME,CODE_NAME_EN,CODE_DESCRIPTION,CODE_USE,CODE_REGDATE,CODE_ORDER) values ('054','tel_area_code','054','054','경북 지역번호',1,to_date('18/05/02','RR/MM/DD'),12);
Insert into ASA_CODE (CODE_ID,CAT_ID,CODE_NAME,CODE_NAME_EN,CODE_DESCRIPTION,CODE_USE,CODE_REGDATE,CODE_ORDER) values ('055','tel_area_code','055','055','경남 지역번호',1,to_date('18/05/02','RR/MM/DD'),13);
Insert into ASA_CODE (CODE_ID,CAT_ID,CODE_NAME,CODE_NAME_EN,CODE_DESCRIPTION,CODE_USE,CODE_REGDATE,CODE_ORDER) values ('061','tel_area_code','061','061','전남 지역번호',1,to_date('18/05/02','RR/MM/DD'),14);
Insert into ASA_CODE (CODE_ID,CAT_ID,CODE_NAME,CODE_NAME_EN,CODE_DESCRIPTION,CODE_USE,CODE_REGDATE,CODE_ORDER) values ('062','tel_area_code','062','062','광주 지역번호',1,to_date('18/05/02','RR/MM/DD'),15);
Insert into ASA_CODE (CODE_ID,CAT_ID,CODE_NAME,CODE_NAME_EN,CODE_DESCRIPTION,CODE_USE,CODE_REGDATE,CODE_ORDER) values ('063','tel_area_code','063','063','전북 지역번호',1,to_date('18/05/02','RR/MM/DD'),16);
Insert into ASA_CODE (CODE_ID,CAT_ID,CODE_NAME,CODE_NAME_EN,CODE_DESCRIPTION,CODE_USE,CODE_REGDATE,CODE_ORDER) values ('064','tel_area_code','064','064','제주 지역번호',1,to_date('18/05/02','RR/MM/DD'),17);
Insert into ASA_CODE (CODE_ID,CAT_ID,CODE_NAME,CODE_NAME_EN,CODE_DESCRIPTION,CODE_USE,CODE_REGDATE,CODE_ORDER) values ('070','tel_area_code','070','070','인터넷전화',1,to_date('18/05/02','RR/MM/DD'),18);
Insert into ASA_CODE (CODE_ID,CAT_ID,CODE_NAME,CODE_NAME_EN,CODE_DESCRIPTION,CODE_USE,CODE_REGDATE,CODE_ORDER) values ('Sun','DAYOFWEEK','일','Sunday','일요일',1,to_date('18/11/01','RR/MM/DD'),1);
Insert into ASA_CODE (CODE_ID,CAT_ID,CODE_NAME,CODE_NAME_EN,CODE_DESCRIPTION,CODE_USE,CODE_REGDATE,CODE_ORDER) values ('Mon','DAYOFWEEK','월','Monday','월요일',1,to_date('18/11/01','RR/MM/DD'),2);
Insert into ASA_CODE (CODE_ID,CAT_ID,CODE_NAME,CODE_NAME_EN,CODE_DESCRIPTION,CODE_USE,CODE_REGDATE,CODE_ORDER) values ('Tue','DAYOFWEEK','화','Tuesday','화요일',1,to_date('18/11/01','RR/MM/DD'),3);
Insert into ASA_CODE (CODE_ID,CAT_ID,CODE_NAME,CODE_NAME_EN,CODE_DESCRIPTION,CODE_USE,CODE_REGDATE,CODE_ORDER) values ('Wed','DAYOFWEEK','수','Wednesday','수요일',1,to_date('18/11/01','RR/MM/DD'),4);
Insert into ASA_CODE (CODE_ID,CAT_ID,CODE_NAME,CODE_NAME_EN,CODE_DESCRIPTION,CODE_USE,CODE_REGDATE,CODE_ORDER) values ('Thu','DAYOFWEEK','목','Thursday','목요일',1,to_date('18/11/01','RR/MM/DD'),5);
Insert into ASA_CODE (CODE_ID,CAT_ID,CODE_NAME,CODE_NAME_EN,CODE_DESCRIPTION,CODE_USE,CODE_REGDATE,CODE_ORDER) values ('Fri','DAYOFWEEK','금','Friday','금요일',1,to_date('18/11/01','RR/MM/DD'),6);
Insert into ASA_CODE (CODE_ID,CAT_ID,CODE_NAME,CODE_NAME_EN,CODE_DESCRIPTION,CODE_USE,CODE_REGDATE,CODE_ORDER) values ('Sat','DAYOFWEEK','토','Saturday','토요일',1,to_date('18/11/01','RR/MM/DD'),7);
Insert into ASA_CODE (CODE_ID,CAT_ID,CODE_NAME,CODE_NAME_EN,CODE_DESCRIPTION,CODE_USE,CODE_REGDATE,CODE_ORDER) values ('010','mobile1_code','010','010','010',1,to_date('18/05/02','RR/MM/DD'),1);
Insert into ASA_CODE (CODE_ID,CAT_ID,CODE_NAME,CODE_NAME_EN,CODE_DESCRIPTION,CODE_USE,CODE_REGDATE,CODE_ORDER) values ('011','mobile1_code','011','011','011',1,to_date('18/05/02','RR/MM/DD'),2);
Insert into ASA_CODE (CODE_ID,CAT_ID,CODE_NAME,CODE_NAME_EN,CODE_DESCRIPTION,CODE_USE,CODE_REGDATE,CODE_ORDER) values ('016','mobile1_code','016','016','016',1,to_date('18/05/02','RR/MM/DD'),3);
Insert into ASA_CODE (CODE_ID,CAT_ID,CODE_NAME,CODE_NAME_EN,CODE_DESCRIPTION,CODE_USE,CODE_REGDATE,CODE_ORDER) values ('017','mobile1_code','017','017','017',1,to_date('18/05/02','RR/MM/DD'),4);
Insert into ASA_CODE (CODE_ID,CAT_ID,CODE_NAME,CODE_NAME_EN,CODE_DESCRIPTION,CODE_USE,CODE_REGDATE,CODE_ORDER) values ('018','mobile1_code','018','018','018',1,to_date('18/05/02','RR/MM/DD'),5);
Insert into ASA_CODE (CODE_ID,CAT_ID,CODE_NAME,CODE_NAME_EN,CODE_DESCRIPTION,CODE_USE,CODE_REGDATE,CODE_ORDER) values ('019','mobile1_code','019','019','019',1,to_date('18/05/02','RR/MM/DD'),6);
Insert into ASA_CODE (CODE_ID,CAT_ID,CODE_NAME,CODE_NAME_EN,CODE_DESCRIPTION,CODE_USE,CODE_REGDATE,CODE_ORDER) values ('ceo','position','대표이사','CEO','대표이사',1,to_date('18/05/16','RR/MM/DD'),1);
Insert into ASA_CODE (CODE_ID,CAT_ID,CODE_NAME,CODE_NAME_EN,CODE_DESCRIPTION,CODE_USE,CODE_REGDATE,CODE_ORDER) values ('director','position','이사','director','이사',1,to_date('18/05/16','RR/MM/DD'),2);
Insert into ASA_CODE (CODE_ID,CAT_ID,CODE_NAME,CODE_NAME_EN,CODE_DESCRIPTION,CODE_USE,CODE_REGDATE,CODE_ORDER) values ('department_head','position','부장','department head','부장',1,to_date('18/05/16','RR/MM/DD'),3);
Insert into ASA_CODE (CODE_ID,CAT_ID,CODE_NAME,CODE_NAME_EN,CODE_DESCRIPTION,CODE_USE,CODE_REGDATE,CODE_ORDER) values ('deputy_department_head','position','차장','deputy department head','차장',1,to_date('18/05/16','RR/MM/DD'),4);
Insert into ASA_CODE (CODE_ID,CAT_ID,CODE_NAME,CODE_NAME_EN,CODE_DESCRIPTION,CODE_USE,CODE_REGDATE,CODE_ORDER) values ('section_chief','position','과장','section chief','과장',1,to_date('18/05/16','RR/MM/DD'),5);
Insert into ASA_CODE (CODE_ID,CAT_ID,CODE_NAME,CODE_NAME_EN,CODE_DESCRIPTION,CODE_USE,CODE_REGDATE,CODE_ORDER) values ('deputy_section_chief','position','대리','deputy section chief','대리',1,to_date('18/05/16','RR/MM/DD'),6);
Insert into ASA_CODE (CODE_ID,CAT_ID,CODE_NAME,CODE_NAME_EN,CODE_DESCRIPTION,CODE_USE,CODE_REGDATE,CODE_ORDER) values ('staff','position','사원','staff','사원',1,to_date('18/05/16','RR/MM/DD'),7);
Insert into ASA_CODE (CODE_ID,CAT_ID,CODE_NAME,CODE_NAME_EN,CODE_DESCRIPTION,CODE_USE,CODE_REGDATE,CODE_ORDER) values ('lecture','moduleCode','교육강좌','lecture','교육강좌',1,to_date('18/08/23','RR/MM/DD'),1);
Insert into ASA_CODE (CODE_ID,CAT_ID,CODE_NAME,CODE_NAME_EN,CODE_DESCRIPTION,CODE_USE,CODE_REGDATE,CODE_ORDER) values ('lending','moduleCode','체육/시설 대관','lending','체육/시설 대관',1,to_date('18/08/23','RR/MM/DD'),2);
Insert into ASA_CODE (CODE_ID,CAT_ID,CODE_NAME,CODE_NAME_EN,CODE_DESCRIPTION,CODE_USE,CODE_REGDATE,CODE_ORDER) values ('see','moduleCode','관람/체험','see','관람/체험',1,to_date('18/08/23','RR/MM/DD'),3);
Insert into ASA_CODE (CODE_ID,CAT_ID,CODE_NAME,CODE_NAME_EN,CODE_DESCRIPTION,CODE_USE,CODE_REGDATE,CODE_ORDER) values ('orgDiv01','reservOrgDivCode','광고계','Advertising','광고계',1,to_date('18/11/08','RR/MM/DD'),1);
Insert into ASA_CODE (CODE_ID,CAT_ID,CODE_NAME,CODE_NAME_EN,CODE_DESCRIPTION,CODE_USE,CODE_REGDATE,CODE_ORDER) values ('orgDiv02','reservOrgDivCode','문화예술계','Culture and Arts','문화예술계',1,to_date('18/11/08','RR/MM/DD'),2);
Insert into ASA_CODE (CODE_ID,CAT_ID,CODE_NAME,CODE_NAME_EN,CODE_DESCRIPTION,CODE_USE,CODE_REGDATE,CODE_ORDER) values ('orgDiv03','reservOrgDivCode','입주사','Tenant','입주사',1,to_date('18/11/08','RR/MM/DD'),3);
Insert into ASA_CODE (CODE_ID,CAT_ID,CODE_NAME,CODE_NAME_EN,CODE_DESCRIPTION,CODE_USE,CODE_REGDATE,CODE_ORDER) values ('orgDiv04','reservOrgDivCode','일반회사 및 개인','General companies and individuals','일반회사 및 개인',1,to_date('18/11/08','RR/MM/DD'),4);
Insert into ASA_CODE (CODE_ID,CAT_ID,CODE_NAME,CODE_NAME_EN,CODE_DESCRIPTION,CODE_USE,CODE_REGDATE,CODE_ORDER) values ('cash','reservPaidType','현금','cash','현금결제',1,to_date('18/11/09','RR/MM/DD'),1);
Insert into ASA_CODE (CODE_ID,CAT_ID,CODE_NAME,CODE_NAME_EN,CODE_DESCRIPTION,CODE_USE,CODE_REGDATE,CODE_ORDER) values ('card','reservPaidType','카드','card','카드결제',1,to_date('18/11/09','RR/MM/DD'),2);
Insert into ASA_CODE (CODE_ID,CAT_ID,CODE_NAME,CODE_NAME_EN,CODE_DESCRIPTION,CODE_USE,CODE_REGDATE,CODE_ORDER) values ('reception','reservStatus','접수','reception','접수',1,to_date('18/11/09','RR/MM/DD'),1);
Insert into ASA_CODE (CODE_ID,CAT_ID,CODE_NAME,CODE_NAME_EN,CODE_DESCRIPTION,CODE_USE,CODE_REGDATE,CODE_ORDER) values ('admission','reservStatus','승인','admission','승인',1,to_date('18/11/09','RR/MM/DD'),2);
Insert into ASA_CODE (CODE_ID,CAT_ID,CODE_NAME,CODE_NAME_EN,CODE_DESCRIPTION,CODE_USE,CODE_REGDATE,CODE_ORDER) values ('cancel','reservStatus','취소','cancel','취소',1,to_date('18/11/09','RR/MM/DD'),3);
Insert into ASA_CODE (CODE_ID,CAT_ID,CODE_NAME,CODE_NAME_EN,CODE_DESCRIPTION,CODE_USE,CODE_REGDATE,CODE_ORDER) values ('NURI_TYPE_01','NURI_TYPE','제1유형:출처표시','NURI_TYPE_01','제1유형:출처표시',1,to_date('18/06/11','RR/MM/DD'),1);
Insert into ASA_CODE (CODE_ID,CAT_ID,CODE_NAME,CODE_NAME_EN,CODE_DESCRIPTION,CODE_USE,CODE_REGDATE,CODE_ORDER) values ('NURI_TYPE_02','NURI_TYPE','제2유형:출처표시+상업적 이용금지','NURI_TYPE_02','제2유형:출처표시+상업적 이용금지',1,to_date('18/06/11','RR/MM/DD'),2);
Insert into ASA_CODE (CODE_ID,CAT_ID,CODE_NAME,CODE_NAME_EN,CODE_DESCRIPTION,CODE_USE,CODE_REGDATE,CODE_ORDER) values ('NURI_TYPE_03','NURI_TYPE','제3유형:출처표시+변경금지','NURI_TYPE_03','제3유형:출처표시+변경금지',1,to_date('18/06/11','RR/MM/DD'),3);
Insert into ASA_CODE (CODE_ID,CAT_ID,CODE_NAME,CODE_NAME_EN,CODE_DESCRIPTION,CODE_USE,CODE_REGDATE,CODE_ORDER) values ('NURI_TYPE_04','NURI_TYPE','제4유형:출처표시+상업적 이용금지+변경금지','NURI_TYPE_04','제4유형:출처표시+상업적 이용금지+변경금지',1,to_date('18/06/11','RR/MM/DD'),4);
Insert into ASA_CODE (CODE_ID,CAT_ID,CODE_NAME,CODE_NAME_EN,CODE_DESCRIPTION,CODE_USE,CODE_REGDATE,CODE_ORDER) values ('tag010','menu_hash_tag','임신 · 출산','Pregnancy and childbirth','임신 · 출산',1,to_date('18/11/12','RR/MM/DD'),1);
Insert into ASA_CODE (CODE_ID,CAT_ID,CODE_NAME,CODE_NAME_EN,CODE_DESCRIPTION,CODE_USE,CODE_REGDATE,CODE_ORDER) values ('tag020','menu_hash_tag','영유아','Infants and Toddlers','영유아',1,to_date('18/11/12','RR/MM/DD'),2);
Insert into ASA_CODE (CODE_ID,CAT_ID,CODE_NAME,CODE_NAME_EN,CODE_DESCRIPTION,CODE_USE,CODE_REGDATE,CODE_ORDER) values ('tag030','menu_hash_tag','아동청소년','Children''s youth','아동청소년',1,to_date('18/11/12','RR/MM/DD'),3);
Insert into ASA_CODE (CODE_ID,CAT_ID,CODE_NAME,CODE_NAME_EN,CODE_DESCRIPTION,CODE_USE,CODE_REGDATE,CODE_ORDER) values ('tag040','menu_hash_tag','청년','youth','청년',1,to_date('18/11/12','RR/MM/DD'),4);
Insert into ASA_CODE (CODE_ID,CAT_ID,CODE_NAME,CODE_NAME_EN,CODE_DESCRIPTION,CODE_USE,CODE_REGDATE,CODE_ORDER) values ('tag050','menu_hash_tag','중장년','A middle-aged man','중장년',1,to_date('18/11/12','RR/MM/DD'),5);
Insert into ASA_CODE (CODE_ID,CAT_ID,CODE_NAME,CODE_NAME_EN,CODE_DESCRIPTION,CODE_USE,CODE_REGDATE,CODE_ORDER) values ('tag060','menu_hash_tag','어르신','Elderly','어르신',1,to_date('18/11/12','RR/MM/DD'),6);
Insert into ASA_CODE (CODE_ID,CAT_ID,CODE_NAME,CODE_NAME_EN,CODE_DESCRIPTION,CODE_USE,CODE_REGDATE,CODE_ORDER) values ('tag070','menu_hash_tag','취약계층','Vulnerable hierarchy','취약계층',1,to_date('18/11/12','RR/MM/DD'),7);
Insert into ASA_CODE (CODE_ID,CAT_ID,CODE_NAME,CODE_NAME_EN,CODE_DESCRIPTION,CODE_USE,CODE_REGDATE,CODE_ORDER) values ('xml','returnType','XML','XML','XML',1,to_date('19/02/12','RR/MM/DD'),1);
Insert into ASA_CODE (CODE_ID,CAT_ID,CODE_NAME,CODE_NAME_EN,CODE_DESCRIPTION,CODE_USE,CODE_REGDATE,CODE_ORDER) values ('json','returnType','JSON','JSON','JSON',1,to_date('19/02/12','RR/MM/DD'),2);
Insert into ASA_CODE (CODE_ID,CAT_ID,CODE_NAME,CODE_NAME_EN,CODE_DESCRIPTION,CODE_USE,CODE_REGDATE,CODE_ORDER) values ('data_seoul','provider','서울열린데이터광장','Seoul Conflict Data Square','서울열린데이터광장',1,to_date('19/02/12','RR/MM/DD'),1);
Insert into ASA_CODE (CODE_ID,CAT_ID,CODE_NAME,CODE_NAME_EN,CODE_DESCRIPTION,CODE_USE,CODE_REGDATE,CODE_ORDER) values ('worknet','provider','워크넷','worknet','워크넷 open api',1,to_date('19/02/12','RR/MM/DD'),2);
Insert into ASA_CODE (CODE_ID,CAT_ID,CODE_NAME,CODE_NAME_EN,CODE_DESCRIPTION,CODE_USE,CODE_REGDATE,CODE_ORDER) values ('data','provider','공공데이터포털','Public Data Portal','공공데이터포털',1,to_date('19/02/12','RR/MM/DD'),3);
Insert into ASA_CODE (CODE_ID,CAT_ID,CODE_NAME,CODE_NAME_EN,CODE_DESCRIPTION,CODE_USE,CODE_REGDATE,CODE_ORDER) values ('sygc','provider','청년활동지원센터','Youth Activity Center','청년활동지원센터',1,to_date('19/02/12','RR/MM/DD'),4);
Insert into ASA_CODE (CODE_ID,CAT_ID,CODE_NAME,CODE_NAME_EN,CODE_DESCRIPTION,CODE_USE,CODE_REGDATE,CODE_ORDER) values ('exchange_space','rent_cate1','청년교류공간','Youth exchange space','청년교류공간',1,to_date('19/07/29','RR/MM/DD'),8);
Insert into ASA_CODE (CODE_ID,CAT_ID,CODE_NAME,CODE_NAME_EN,CODE_DESCRIPTION,CODE_USE,CODE_REGDATE,CODE_ORDER) values ('m_gangnam','rent_cate1','무중력지대 강남','gangnam','무중력지대 강남',1,to_date('19/07/29','RR/MM/DD'),7);
Insert into ASA_CODE (CODE_ID,CAT_ID,CODE_NAME,CODE_NAME_EN,CODE_DESCRIPTION,CODE_USE,CODE_REGDATE,CODE_ORDER) values ('m_seodaemun','rent_cate1','무중력지대 서대문','seodaemun','무중력지대 서대문',1,to_date('19/07/29','RR/MM/DD'),6);
Insert into ASA_CODE (CODE_ID,CAT_ID,CODE_NAME,CODE_NAME_EN,CODE_DESCRIPTION,CODE_USE,CODE_REGDATE,CODE_ORDER) values ('m_seongbuk','rent_cate1','무중력지대 성북','seongbuk','무중력지대 성북',1,to_date('19/07/29','RR/MM/DD'),5);
Insert into ASA_CODE (CODE_ID,CAT_ID,CODE_NAME,CODE_NAME_EN,CODE_DESCRIPTION,CODE_USE,CODE_REGDATE,CODE_ORDER) values ('m_dobong','rent_cate1','무중력지대 도봉','dobong','무중력지대 도봉',1,to_date('19/07/29','RR/MM/DD'),4);
Insert into ASA_CODE (CODE_ID,CAT_ID,CODE_NAME,CODE_NAME_EN,CODE_DESCRIPTION,CODE_USE,CODE_REGDATE,CODE_ORDER) values ('m_yangcheon','rent_cate1','무중력지대 양천','yangcheon','무중력지대 양천',1,to_date('19/07/29','RR/MM/DD'),3);
Insert into ASA_CODE (CODE_ID,CAT_ID,CODE_NAME,CODE_NAME_EN,CODE_DESCRIPTION,CODE_USE,CODE_REGDATE,CODE_ORDER) values ('m_daebang','rent_cate1','무중력지대 대방동','daebang','무중력지대 대방동',1,to_date('19/07/29','RR/MM/DD'),2);
Insert into ASA_CODE (CODE_ID,CAT_ID,CODE_NAME,CODE_NAME_EN,CODE_DESCRIPTION,CODE_USE,CODE_REGDATE,CODE_ORDER) values ('m_g_valley','rent_cate1','무중력지대 G밸리','g_valley','무중력지대 G밸리',1,to_date('19/07/29','RR/MM/DD'),1);
Insert into ASA_CODE (CODE_ID,CAT_ID,CODE_NAME,CODE_NAME_EN,CODE_DESCRIPTION,CODE_USE,CODE_REGDATE,CODE_ORDER) values ('fa011','rent_cate2','엠티장소','MT place','그룹이엠티및워크샵을진행할수있는공간',1,to_date('19/08/20','RR/MM/DD'),11);
Insert into ASA_CODE (CODE_ID,CAT_ID,CODE_NAME,CODE_NAME_EN,CODE_DESCRIPTION,CODE_USE,CODE_REGDATE,CODE_ORDER) values ('fa010','rent_cate2','스터디룸','Study Room','개별적으로독립된공간에서1인또는1인이상이스터디,공모전,팀플등을목적으로이용할수있는공간',1,to_date('19/08/20','RR/MM/DD'),10);
Insert into ASA_CODE (CODE_ID,CAT_ID,CODE_NAME,CODE_NAME_EN,CODE_DESCRIPTION,CODE_USE,CODE_REGDATE,CODE_ORDER) values ('fa009','rent_cate2','카페','Cafe','기존카페운영공간을개인또는팀에게‘일일카페’,‘정기모임’등을목적으로전체대관할수있는공간',1,to_date('19/08/20','RR/MM/DD'),9);
Insert into ASA_CODE (CODE_ID,CAT_ID,CODE_NAME,CODE_NAME_EN,CODE_DESCRIPTION,CODE_USE,CODE_REGDATE,CODE_ORDER) values ('fa008','rent_cate2','연습실','Practice room','안무및댄스,합주,연주,녹음을위해거울및바닥시설,음향시설,방음시설,악기등이구비되어있는공간',1,to_date('19/08/20','RR/MM/DD'),8);
Insert into ASA_CODE (CODE_ID,CAT_ID,CODE_NAME,CODE_NAME_EN,CODE_DESCRIPTION,CODE_USE,CODE_REGDATE,CODE_ORDER) values ('fa007','rent_cate2','공연장','concert hall','공연과연극을목적으로대관이가능하고음향및무대시설등을갖춘공간',1,to_date('19/08/20','RR/MM/DD'),7);
Insert into ASA_CODE (CODE_ID,CAT_ID,CODE_NAME,CODE_NAME_EN,CODE_DESCRIPTION,CODE_USE,CODE_REGDATE,CODE_ORDER) values ('fa006','rent_cate2','파티룸','Party Room','최소2인이상수용가능하며독립적으로구분되어기념일파티,모임,플레이샵등의이벤트가가능한공간',1,to_date('19/08/20','RR/MM/DD'),6);
Insert into ASA_CODE (CODE_ID,CAT_ID,CODE_NAME,CODE_NAME_EN,CODE_DESCRIPTION,CODE_USE,CODE_REGDATE,CODE_ORDER) values ('fa005','rent_cate2','레저시설','Leisure facilities','공간대여시스포츠시설등을이용할수있는공간(탁구장,당구장,피트니스센터등)',1,to_date('19/08/20','RR/MM/DD'),5);
Insert into ASA_CODE (CODE_ID,CAT_ID,CODE_NAME,CODE_NAME_EN,CODE_DESCRIPTION,CODE_USE,CODE_REGDATE,CODE_ORDER) values ('fa004','rent_cate2','작업실','workplace','개인또는팀이방문하여쇼핑몰,화보,뮤직비디오방송등의촬영이나공예,쿠킹등의특수목적으로전체대관할수있는공간',1,to_date('19/08/20','RR/MM/DD'),4);
Insert into ASA_CODE (CODE_ID,CAT_ID,CODE_NAME,CODE_NAME_EN,CODE_DESCRIPTION,CODE_USE,CODE_REGDATE,CODE_ORDER) values ('fa003','rent_cate2','다목적홀','Multipurpose Hall','이벤트행사,공연,컨퍼런스,전시,기업행사,박람회등을진행할수있는시설이구비된행사공간(최소20인이상)',1,to_date('19/08/20','RR/MM/DD'),3);
Insert into ASA_CODE (CODE_ID,CAT_ID,CODE_NAME,CODE_NAME_EN,CODE_DESCRIPTION,CODE_USE,CODE_REGDATE,CODE_ORDER) values ('fa002','rent_cate2','세미나실','Seminar room','세미나,강연,프로젝트,워크샵을진행할수있는시설이구비된공간',1,to_date('19/08/20','RR/MM/DD'),2);
Insert into ASA_CODE (CODE_ID,CAT_ID,CODE_NAME,CODE_NAME_EN,CODE_DESCRIPTION,CODE_USE,CODE_REGDATE,CODE_ORDER) values ('fa001','rent_cate2','회의실','meeting room','비즈니스목적으로진행되는회의공간',1,to_date('19/08/20','RR/MM/DD'),1);
Insert into ASA_CODE (CODE_ID,CAT_ID,CODE_NAME,CODE_NAME_EN,CODE_DESCRIPTION,CODE_USE,CODE_REGDATE,CODE_ORDER) values ('local','rentReservType','현장','local','현장',1,to_date('19/07/29','RR/MM/DD'),2);
Insert into ASA_CODE (CODE_ID,CAT_ID,CODE_NAME,CODE_NAME_EN,CODE_DESCRIPTION,CODE_USE,CODE_REGDATE,CODE_ORDER) values ('online','rentReservType','온라인(청년포털)','online','온라인(청년포털)',1,to_date('19/07/29','RR/MM/DD'),1);
Insert into ASA_CODE (CODE_ID,CAT_ID,CODE_NAME,CODE_NAME_EN,CODE_DESCRIPTION,CODE_USE,CODE_REGDATE,CODE_ORDER) values ('local_cash','rentPaymentType','현장(현금)','local_cash','현장(현금)',1,to_date('19/07/30','RR/MM/DD'),4);
Insert into ASA_CODE (CODE_ID,CAT_ID,CODE_NAME,CODE_NAME_EN,CODE_DESCRIPTION,CODE_USE,CODE_REGDATE,CODE_ORDER) values ('local_card','rentPaymentType','현장(카드)','local_card','현장(카드)',1,to_date('19/07/30','RR/MM/DD'),3);
Insert into ASA_CODE (CODE_ID,CAT_ID,CODE_NAME,CODE_NAME_EN,CODE_DESCRIPTION,CODE_USE,CODE_REGDATE,CODE_ORDER) values ('online_transfer','rentPaymentType','온라인(계좌이체)','online Bank Transfer','온라인(계좌이체)',1,to_date('19/07/30','RR/MM/DD'),2);
Insert into ASA_CODE (CODE_ID,CAT_ID,CODE_NAME,CODE_NAME_EN,CODE_DESCRIPTION,CODE_USE,CODE_REGDATE,CODE_ORDER) values ('online_card','rentPaymentType','온라인(카드)','online_card','온라인(카드)',1,to_date('19/07/30','RR/MM/DD'),1);
Insert into ASA_CODE (CODE_ID,CAT_ID,CODE_NAME,CODE_NAME_EN,CODE_DESCRIPTION,CODE_USE,CODE_REGDATE,CODE_ORDER) values ('RS61','rentReservStatus','미사용 완료','Unused completion','미사용 완료',1,to_date('19/08/07','RR/MM/DD'),10);
Insert into ASA_CODE (CODE_ID,CAT_ID,CODE_NAME,CODE_NAME_EN,CODE_DESCRIPTION,CODE_USE,CODE_REGDATE,CODE_ORDER) values ('RS60','rentReservStatus','이용 완료','Complete use','이용 완료',1,to_date('19/08/07','RR/MM/DD'),9);
Insert into ASA_CODE (CODE_ID,CAT_ID,CODE_NAME,CODE_NAME_EN,CODE_DESCRIPTION,CODE_USE,CODE_REGDATE,CODE_ORDER) values ('RS52','rentReservStatus','예약취소(관리자)','Cancel reservation (admin)','예약취소(관리자)',1,to_date('19/08/07','RR/MM/DD'),8);
Insert into ASA_CODE (CODE_ID,CAT_ID,CODE_NAME,CODE_NAME_EN,CODE_DESCRIPTION,CODE_USE,CODE_REGDATE,CODE_ORDER) values ('RS51','rentReservStatus','예약취소(사용자)','Cancel reservation (user)','예약취소(사용자)',1,to_date('19/08/07','RR/MM/DD'),7);
Insert into ASA_CODE (CODE_ID,CAT_ID,CODE_NAME,CODE_NAME_EN,CODE_DESCRIPTION,CODE_USE,CODE_REGDATE,CODE_ORDER) values ('RS50','rentReservStatus','예약취소(결제시간초과)','cancel reservation (Timeout)','예약취소(결제시간초과)',1,to_date('19/08/07','RR/MM/DD'),6);
Insert into ASA_CODE (CODE_ID,CAT_ID,CODE_NAME,CODE_NAME_EN,CODE_DESCRIPTION,CODE_USE,CODE_REGDATE,CODE_ORDER) values ('RS31','rentReservStatus','결제대기(현장)','On-site payment waiting','결제대기(현장)',1,to_date('19/08/07','RR/MM/DD'),4);
Insert into ASA_CODE (CODE_ID,CAT_ID,CODE_NAME,CODE_NAME_EN,CODE_DESCRIPTION,CODE_USE,CODE_REGDATE,CODE_ORDER) values ('RS40','rentReservStatus','예약완료','reservation complete','예약완료',1,to_date('19/08/07','RR/MM/DD'),5);
Insert into ASA_CODE (CODE_ID,CAT_ID,CODE_NAME,CODE_NAME_EN,CODE_DESCRIPTION,CODE_USE,CODE_REGDATE,CODE_ORDER) values ('RS30','rentReservStatus','결제대기(온라인)','Online payment wait','결제대기(온라인)',1,to_date('19/08/07','RR/MM/DD'),3);
Insert into ASA_CODE (CODE_ID,CAT_ID,CODE_NAME,CODE_NAME_EN,CODE_DESCRIPTION,CODE_USE,CODE_REGDATE,CODE_ORDER) values ('RS20','rentReservStatus','승인완료','Approval completed','승인완료',1,to_date('19/08/07','RR/MM/DD'),2);
Insert into ASA_CODE (CODE_ID,CAT_ID,CODE_NAME,CODE_NAME_EN,CODE_DESCRIPTION,CODE_USE,CODE_REGDATE,CODE_ORDER) values ('RS10','rentReservStatus','승인대기','Waiting for approval','승인대기',1,to_date('19/08/07','RR/MM/DD'),1);


-- ASA_ORG_ORGANIZATION
Insert into ASA_ORG_ORGANIZATION (ORG_ID,ORG_NAME,ORG_NAME_EN,ORG_DESCRIPTION,ORG_USE,ORG_REGDATE) values ('org_02','아사달(주)','TEST Organization 2','테스트 기관 2',1,to_date('18/05/16','RR/MM/DD'));

-- ASA_ORG_DEPARTMENT
Insert into ASA_ORG_DEPARTMENT (DEP_ID,ORG_ID,DEP_NAME,DEP_NAME_EN,DEP_TEL,DEP_DESCRIPTION,DEP_USE,DEP_REGDATE,DEP_ORDER) values ('dep10002','org_02','시스템구축사업부','test department 2','02-2555-5555','테스트 부서 2',1,to_date('18/05/16','RR/MM/DD'),1);
Insert into ASA_ORG_DEPARTMENT (DEP_ID,ORG_ID,DEP_NAME,DEP_NAME_EN,DEP_TEL,DEP_DESCRIPTION,DEP_USE,DEP_REGDATE,DEP_ORDER) values ('dep10003','org_02','인터넷사업부','aaaaa','02-5656-5656','인터넷사업부',1,to_date('18/05/16','RR/MM/DD'),2);
Insert into ASA_ORG_DEPARTMENT (DEP_ID,ORG_ID,DEP_NAME,DEP_NAME_EN,DEP_TEL,DEP_DESCRIPTION,DEP_USE,DEP_REGDATE,DEP_ORDER) values ('dep10006','org_02','공공사업부','test test test test','02-7878-7878','공공사업부',1,to_date('18/05/16','RR/MM/DD'),3);

-- ASA_CAPABILITY
Insert into ASA_CAPABILITY (CAP_ID,CAP_NAME,CAP_DESCRIPTION,CAP_VALUE,CAP_PARAM1_KEY,CAP_PARAM1_VALUE,CAP_PARAM2_KEY,CAP_PARAM2_VALUE,CAP_HTTP_METHOD,CAP_REGDATE,CAP_DEFAULT,CAP_PRIORITY,CAP_HIDDEN) values ('CAP_EDUCATION','관리자>교육프로그램 관리','교육프로그램 관리 권한','/[a-z0-9]+/asacms/education/.*',null,null,null,null,'ALL',to_date('19/03/20','RR/MM/DD'),1,10,0);
Insert into ASA_CAPABILITY (CAP_ID,CAP_NAME,CAP_DESCRIPTION,CAP_VALUE,CAP_PARAM1_KEY,CAP_PARAM1_VALUE,CAP_PARAM2_KEY,CAP_PARAM2_VALUE,CAP_HTTP_METHOD,CAP_REGDATE,CAP_DEFAULT,CAP_PRIORITY,CAP_HIDDEN) values ('CAP_OPENAPI_INFO','관리자>오픈API관리','관리자>오픈API관리','/[a-z0-9]+/asacms/openapiinfo/.*',null,null,null,null,'ALL',to_date('19/03/20','RR/MM/DD'),1,10,0);
Insert into ASA_CAPABILITY (CAP_ID,CAP_NAME,CAP_DESCRIPTION,CAP_VALUE,CAP_PARAM1_KEY,CAP_PARAM1_VALUE,CAP_PARAM2_KEY,CAP_PARAM2_VALUE,CAP_HTTP_METHOD,CAP_REGDATE,CAP_DEFAULT,CAP_PRIORITY,CAP_HIDDEN) values ('CAP_ROLE','관리자>보안관리>역할관리','역할관리 목록, 상세, 등록, 수정, 삭제','/[a-z0-9]+/asacms/role/.*',null,null,null,null,'ALL',to_date('18/05/24','RR/MM/DD'),1,10,0);
Insert into ASA_CAPABILITY (CAP_ID,CAP_NAME,CAP_DESCRIPTION,CAP_VALUE,CAP_PARAM1_KEY,CAP_PARAM1_VALUE,CAP_PARAM2_KEY,CAP_PARAM2_VALUE,CAP_HTTP_METHOD,CAP_REGDATE,CAP_DEFAULT,CAP_PRIORITY,CAP_HIDDEN) values ('CAP_CONFIG_SITE','관리자>설정>사이트설정','사이트설정 관리기능
사이트설정 수정','/[a-z0-9]+/asacms/config/site/.*',null,null,null,null,'ALL',to_date('18/10/08','RR/MM/DD'),1,10,0);
Insert into ASA_CAPABILITY (CAP_ID,CAP_NAME,CAP_DESCRIPTION,CAP_VALUE,CAP_PARAM1_KEY,CAP_PARAM1_VALUE,CAP_PARAM2_KEY,CAP_PARAM2_VALUE,CAP_HTTP_METHOD,CAP_REGDATE,CAP_DEFAULT,CAP_PRIORITY,CAP_HIDDEN) values ('CAP_ALLOWIP','관리자>보안관리>접속가능 IP','접속가능 IP 관리  권한
목록조회, 상세조회, 등록, 수정, 삭제','/[a-z0-9]+/asacms/allowip/.*',null,null,null,null,'ALL',to_date('18/10/08','RR/MM/DD'),1,10,0);
Insert into ASA_CAPABILITY (CAP_ID,CAP_NAME,CAP_DESCRIPTION,CAP_VALUE,CAP_PARAM1_KEY,CAP_PARAM1_VALUE,CAP_PARAM2_KEY,CAP_PARAM2_VALUE,CAP_HTTP_METHOD,CAP_REGDATE,CAP_DEFAULT,CAP_PRIORITY,CAP_HIDDEN) values ('CAP_ADMIN_ACCESS','관리자>접속권한','관리자페이지 접속권한','/[a-z0-9]+/asacms/.*',null,null,null,null,'ALL',to_date('18/05/18','RR/MM/DD'),1,1,0);
Insert into ASA_CAPABILITY (CAP_ID,CAP_NAME,CAP_DESCRIPTION,CAP_VALUE,CAP_PARAM1_KEY,CAP_PARAM1_VALUE,CAP_PARAM2_KEY,CAP_PARAM2_VALUE,CAP_HTTP_METHOD,CAP_REGDATE,CAP_DEFAULT,CAP_PRIORITY,CAP_HIDDEN) values ('CAP_MEMBER_ADMIN','관리자>회원관리>관리자관리','관리자 관리기능
관리자 목록조회, 상세조회, 등록, 수정, 삭제','/[a-z0-9]+/asacms/member/admin/.*',null,null,null,null,'ALL',to_date('18/05/18','RR/MM/DD'),1,9,0);
Insert into ASA_CAPABILITY (CAP_ID,CAP_NAME,CAP_DESCRIPTION,CAP_VALUE,CAP_PARAM1_KEY,CAP_PARAM1_VALUE,CAP_PARAM2_KEY,CAP_PARAM2_VALUE,CAP_HTTP_METHOD,CAP_REGDATE,CAP_DEFAULT,CAP_PRIORITY,CAP_HIDDEN) values ('CAP_CODE','관리자>공통관리>코드관리','공통관리의 코드분류 와 상세코드 관리 권한
목록조회, 상세조회, 등록, 수정, 삭제','/[a-z0-9]+/asacms/code/.*',null,null,null,null,'ALL',to_date('18/05/18','RR/MM/DD'),1,10,0);
Insert into ASA_CAPABILITY (CAP_ID,CAP_NAME,CAP_DESCRIPTION,CAP_VALUE,CAP_PARAM1_KEY,CAP_PARAM1_VALUE,CAP_PARAM2_KEY,CAP_PARAM2_VALUE,CAP_HTTP_METHOD,CAP_REGDATE,CAP_DEFAULT,CAP_PRIORITY,CAP_HIDDEN) values ('CAP_DASHBOARD','관리자>대쉬보드','관리자 대쉬보드 접속 권한','/[a-z0-9]+/asacms/dashboard.do',null,null,null,null,'ALL',to_date('18/05/21','RR/MM/DD'),1,5,0);
Insert into ASA_CAPABILITY (CAP_ID,CAP_NAME,CAP_DESCRIPTION,CAP_VALUE,CAP_PARAM1_KEY,CAP_PARAM1_VALUE,CAP_PARAM2_KEY,CAP_PARAM2_VALUE,CAP_HTTP_METHOD,CAP_REGDATE,CAP_DEFAULT,CAP_PRIORITY,CAP_HIDDEN) values ('CAP_ORGANIZATION','관리자>조직관리','조직관리 권한
- 기관 목록, 상세, 등록, 수정, 삭제
- 부서 목록, 상세, 등록, 수정, 삭제','/[a-z0-9]+/asacms/organization/.*',null,null,null,null,'ALL',to_date('18/05/21','RR/MM/DD'),1,10,0);
Insert into ASA_CAPABILITY (CAP_ID,CAP_NAME,CAP_DESCRIPTION,CAP_VALUE,CAP_PARAM1_KEY,CAP_PARAM1_VALUE,CAP_PARAM2_KEY,CAP_PARAM2_VALUE,CAP_HTTP_METHOD,CAP_REGDATE,CAP_DEFAULT,CAP_PRIORITY,CAP_HIDDEN) values ('CAP_CAPABILITY','관리자>보안관리>권한관리','권한관리 목록, 상세, 등록, 수정, 삭제','/[a-z0-9]+/asacms/capability/.*',null,null,null,null,'ALL',to_date('18/05/21','RR/MM/DD'),1,10,0);
Insert into ASA_CAPABILITY (CAP_ID,CAP_NAME,CAP_DESCRIPTION,CAP_VALUE,CAP_PARAM1_KEY,CAP_PARAM1_VALUE,CAP_PARAM2_KEY,CAP_PARAM2_VALUE,CAP_HTTP_METHOD,CAP_REGDATE,CAP_DEFAULT,CAP_PRIORITY,CAP_HIDDEN) values ('CAP_CONFIG_DESIGN','관리자>설정>메뉴설정','메뉴설정 관리기능
메뉴설정 수정','/[a-z0-9]+/asacms/config/design/.*',null,null,null,null,'ALL',to_date('18/10/08','RR/MM/DD'),1,10,0);
Insert into ASA_CAPABILITY (CAP_ID,CAP_NAME,CAP_DESCRIPTION,CAP_VALUE,CAP_PARAM1_KEY,CAP_PARAM1_VALUE,CAP_PARAM2_KEY,CAP_PARAM2_VALUE,CAP_HTTP_METHOD,CAP_REGDATE,CAP_DEFAULT,CAP_PRIORITY,CAP_HIDDEN) values ('CAP_CONFIG_SECURITY','관리자>설정>보안설정','보안설정 관리기능
보안설정 수정','/[a-z0-9]+/asacms/config/security/.*',null,null,null,null,'ALL',to_date('18/10/08','RR/MM/DD'),1,10,0);
Insert into ASA_CAPABILITY (CAP_ID,CAP_NAME,CAP_DESCRIPTION,CAP_VALUE,CAP_PARAM1_KEY,CAP_PARAM1_VALUE,CAP_PARAM2_KEY,CAP_PARAM2_VALUE,CAP_HTTP_METHOD,CAP_REGDATE,CAP_DEFAULT,CAP_PRIORITY,CAP_HIDDEN) values ('CAP_CONFIG_GLOBAL','관리자>설정>전역설정','전역설정 관리기능
전역설정 수정','/[a-z0-9]+/asacms/config/global/.*',null,null,null,null,'ALL',to_date('18/10/08','RR/MM/DD'),1,10,0);
Insert into ASA_CAPABILITY (CAP_ID,CAP_NAME,CAP_DESCRIPTION,CAP_VALUE,CAP_PARAM1_KEY,CAP_PARAM1_VALUE,CAP_PARAM2_KEY,CAP_PARAM2_VALUE,CAP_HTTP_METHOD,CAP_REGDATE,CAP_DEFAULT,CAP_PRIORITY,CAP_HIDDEN) values ('CAP_COMMON_CONTENT','관리자>공통관리>공통콘텐츠','공통콘텐츠 관리  권한
목록조회, 상세조회, 등록, 수정, 삭제','/[a-z0-9]+/asacms/common/content/.*',null,null,null,null,'ALL',to_date('18/10/08','RR/MM/DD'),1,10,0);
Insert into ASA_CAPABILITY (CAP_ID,CAP_NAME,CAP_DESCRIPTION,CAP_VALUE,CAP_PARAM1_KEY,CAP_PARAM1_VALUE,CAP_PARAM2_KEY,CAP_PARAM2_VALUE,CAP_HTTP_METHOD,CAP_REGDATE,CAP_DEFAULT,CAP_PRIORITY,CAP_HIDDEN) values ('CAP_BOARD_LIST','관리자>게시판>목록조회','관리자>게시판>목록조회','/[a-z0-9]+/asacms/board/config/list.do',null,null,null,null,'ALL',to_date('18/08/08','RR/MM/DD'),1,10,0);
Insert into ASA_CAPABILITY (CAP_ID,CAP_NAME,CAP_DESCRIPTION,CAP_VALUE,CAP_PARAM1_KEY,CAP_PARAM1_VALUE,CAP_PARAM2_KEY,CAP_PARAM2_VALUE,CAP_HTTP_METHOD,CAP_REGDATE,CAP_DEFAULT,CAP_PRIORITY,CAP_HIDDEN) values ('CAP_BOARD_INSERT','관리자>게시판 >추가','관리자>게시판 >추가','/[a-z0-9]+/asacms/board/config/insert.do',null,null,null,null,'ALL',to_date('18/08/08','RR/MM/DD'),1,10,0);
Insert into ASA_CAPABILITY (CAP_ID,CAP_NAME,CAP_DESCRIPTION,CAP_VALUE,CAP_PARAM1_KEY,CAP_PARAM1_VALUE,CAP_PARAM2_KEY,CAP_PARAM2_VALUE,CAP_HTTP_METHOD,CAP_REGDATE,CAP_DEFAULT,CAP_PRIORITY,CAP_HIDDEN) values ('CAP_BOARD_DELETE','관리자>게시판>삭제','관리자>게시판>삭제','/[a-z0-9]+/asacms/board/config/delete.do',null,null,null,null,'ALL',to_date('18/08/08','RR/MM/DD'),1,10,0);
Insert into ASA_CAPABILITY (CAP_ID,CAP_NAME,CAP_DESCRIPTION,CAP_VALUE,CAP_PARAM1_KEY,CAP_PARAM1_VALUE,CAP_PARAM2_KEY,CAP_PARAM2_VALUE,CAP_HTTP_METHOD,CAP_REGDATE,CAP_DEFAULT,CAP_PRIORITY,CAP_HIDDEN) values ('CAP_BOARD_UPDATE','관리자>게시판>수정','관리자>게시판>수정','/[a-z0-9]+/asacms/board/config/update.do',null,null,null,null,'ALL',to_date('18/08/08','RR/MM/DD'),1,10,0);
Insert into ASA_CAPABILITY (CAP_ID,CAP_NAME,CAP_DESCRIPTION,CAP_VALUE,CAP_PARAM1_KEY,CAP_PARAM1_VALUE,CAP_PARAM2_KEY,CAP_PARAM2_VALUE,CAP_HTTP_METHOD,CAP_REGDATE,CAP_DEFAULT,CAP_PRIORITY,CAP_HIDDEN) values ('CAP_MENU','관리자>홈페이지 관리>메뉴','관리자>사이트 관리>메뉴','/[a-z0-9]+/asacms/menu/.*',null,null,null,null,'ALL',to_date('18/08/08','RR/MM/DD'),1,10,0);
Insert into ASA_CAPABILITY (CAP_ID,CAP_NAME,CAP_DESCRIPTION,CAP_VALUE,CAP_PARAM1_KEY,CAP_PARAM1_VALUE,CAP_PARAM2_KEY,CAP_PARAM2_VALUE,CAP_HTTP_METHOD,CAP_REGDATE,CAP_DEFAULT,CAP_PRIORITY,CAP_HIDDEN) values ('CAP_BANNER','관리자>홈페이지 관리>메인비주얼/배너/팝업존/레이어팝업','관리자>홈페이지 관리>메인비주얼/배너/팝업존/레이어팝업','/[a-z0-9]+/asacms/banner/.*',null,null,null,null,'ALL',to_date('18/08/08','RR/MM/DD'),1,10,0);
Insert into ASA_CAPABILITY (CAP_ID,CAP_NAME,CAP_DESCRIPTION,CAP_VALUE,CAP_PARAM1_KEY,CAP_PARAM1_VALUE,CAP_PARAM2_KEY,CAP_PARAM2_VALUE,CAP_HTTP_METHOD,CAP_REGDATE,CAP_DEFAULT,CAP_PRIORITY,CAP_HIDDEN) values ('CAP_MEMBER_ADMIN_PROFILE','관리자>프로파일수정','관리자 본인의 프로파일 수정','/[a-z0-9]+/asacms/member/admin/profile/.*',null,null,null,null,'ALL',to_date('18/10/25','RR/MM/DD'),1,8,0);
Insert into ASA_CAPABILITY (CAP_ID,CAP_NAME,CAP_DESCRIPTION,CAP_VALUE,CAP_PARAM1_KEY,CAP_PARAM1_VALUE,CAP_PARAM2_KEY,CAP_PARAM2_VALUE,CAP_HTTP_METHOD,CAP_REGDATE,CAP_DEFAULT,CAP_PRIORITY,CAP_HIDDEN) values ('CAP_SATISFACTION','관리자>통계/로그>만족도 조사','관리자>통계/로그>만족도 조사 관리권한','/[a-z0-9]+/asacms/satisfaction/.*',null,null,null,null,'ALL',to_date('19/05/02','RR/MM/DD'),1,10,0);
Insert into ASA_CAPABILITY (CAP_ID,CAP_NAME,CAP_DESCRIPTION,CAP_VALUE,CAP_PARAM1_KEY,CAP_PARAM1_VALUE,CAP_PARAM2_KEY,CAP_PARAM2_VALUE,CAP_HTTP_METHOD,CAP_REGDATE,CAP_DEFAULT,CAP_PRIORITY,CAP_HIDDEN) values ('CAP_VIEWING','관리자>단체관람 관리','단체관람 관리 권한','/[a-z0-9]+/asacms/viewing/.*',null,null,null,null,'ALL',to_date('19/03/20','RR/MM/DD'),1,10,0);
Insert into ASA_CAPABILITY (CAP_ID,CAP_NAME,CAP_DESCRIPTION,CAP_VALUE,CAP_PARAM1_KEY,CAP_PARAM1_VALUE,CAP_PARAM2_KEY,CAP_PARAM2_VALUE,CAP_HTTP_METHOD,CAP_REGDATE,CAP_DEFAULT,CAP_PRIORITY,CAP_HIDDEN) values ('CAP_RENTAL','관리자>대관/대여관리','대관/대여 관리 권한','/[a-z0-9]+/asacms/rental/.*',null,null,null,null,'ALL',to_date('19/03/20','RR/MM/DD'),1,10,0);
Insert into ASA_CAPABILITY (CAP_ID,CAP_NAME,CAP_DESCRIPTION,CAP_VALUE,CAP_PARAM1_KEY,CAP_PARAM1_VALUE,CAP_PARAM2_KEY,CAP_PARAM2_VALUE,CAP_HTTP_METHOD,CAP_REGDATE,CAP_DEFAULT,CAP_PRIORITY,CAP_HIDDEN) values ('CAP_SITE','관리자>사이트관리','사이트 관리 권한','/[a-z0-9]+/asacms/site/.*',null,null,null,null,'ALL',to_date('19/03/20','RR/MM/DD'),1,10,0);
Insert into ASA_CAPABILITY (CAP_ID,CAP_NAME,CAP_DESCRIPTION,CAP_VALUE,CAP_PARAM1_KEY,CAP_PARAM1_VALUE,CAP_PARAM2_KEY,CAP_PARAM2_VALUE,CAP_HTTP_METHOD,CAP_REGDATE,CAP_DEFAULT,CAP_PRIORITY,CAP_HIDDEN) values ('CAP_ARCHIVE','관리자>아카이브관리','아카이브 관리 권한','/[a-z0-9]+/asacms/archive/.*',null,null,null,null,'ALL',to_date('19/03/20','RR/MM/DD'),1,10,0);
Insert into ASA_CAPABILITY (CAP_ID,CAP_NAME,CAP_DESCRIPTION,CAP_VALUE,CAP_PARAM1_KEY,CAP_PARAM1_VALUE,CAP_PARAM2_KEY,CAP_PARAM2_VALUE,CAP_HTTP_METHOD,CAP_REGDATE,CAP_DEFAULT,CAP_PRIORITY,CAP_HIDDEN) values ('CAP_VOLUNTEER','관리자>자원봉사 관리','자원봉사 관리 권한','/[a-z0-9]+/asacms/volunteer/.*',null,null,null,null,'ALL',to_date('19/03/20','RR/MM/DD'),1,10,0);
Insert into ASA_CAPABILITY (CAP_ID,CAP_NAME,CAP_DESCRIPTION,CAP_VALUE,CAP_PARAM1_KEY,CAP_PARAM1_VALUE,CAP_PARAM2_KEY,CAP_PARAM2_VALUE,CAP_HTTP_METHOD,CAP_REGDATE,CAP_DEFAULT,CAP_PRIORITY,CAP_HIDDEN) values ('CAP_STATISTICS','관리자>통계/로그','통계/로그 관리권한','/[a-z0-9]+/asacms/statistics/.*',null,null,null,null,'ALL',to_date('19/03/20','RR/MM/DD'),1,10,0);
Insert into ASA_CAPABILITY (CAP_ID,CAP_NAME,CAP_DESCRIPTION,CAP_VALUE,CAP_PARAM1_KEY,CAP_PARAM1_VALUE,CAP_PARAM2_KEY,CAP_PARAM2_VALUE,CAP_HTTP_METHOD,CAP_REGDATE,CAP_DEFAULT,CAP_PRIORITY,CAP_HIDDEN) values ('CAP_ALLOWMAC','관리자>보안관리>접속가능 MAC','관리자>보안관리>접속가능 MAC','/[a-z0-9]+/asacms/allowmac/.*',null,null,null,null,'ALL',to_date('19/03/29','RR/MM/DD'),1,10,0);
Insert into ASA_CAPABILITY (CAP_ID,CAP_NAME,CAP_DESCRIPTION,CAP_VALUE,CAP_PARAM1_KEY,CAP_PARAM1_VALUE,CAP_PARAM2_KEY,CAP_PARAM2_VALUE,CAP_HTTP_METHOD,CAP_REGDATE,CAP_DEFAULT,CAP_PRIORITY,CAP_HIDDEN) values ('CAP_CONTENTS','관리자>홈페이지관리>콘텐츠','콘텐츠관리 권한','/[a-z0-9]+/asacms/content/.*',null,null,null,null,'ALL',to_date('19/06/21','RR/MM/DD'),1,10,0);
Insert into ASA_CAPABILITY (CAP_ID,CAP_NAME,CAP_DESCRIPTION,CAP_VALUE,CAP_PARAM1_KEY,CAP_PARAM1_VALUE,CAP_PARAM2_KEY,CAP_PARAM2_VALUE,CAP_HTTP_METHOD,CAP_REGDATE,CAP_DEFAULT,CAP_PRIORITY,CAP_HIDDEN) values ('CAP_COMMENT_BOARD','관리자>게시판>댓글','게시판 댓글관리','/[a-z0-9]+/asacms/comment/board/.*',null,null,null,null,'ALL',to_date('19/07/21','RR/MM/DD'),1,10,0);
Insert into ASA_CAPABILITY (CAP_ID,CAP_NAME,CAP_DESCRIPTION,CAP_VALUE,CAP_PARAM1_KEY,CAP_PARAM1_VALUE,CAP_PARAM2_KEY,CAP_PARAM2_VALUE,CAP_HTTP_METHOD,CAP_REGDATE,CAP_DEFAULT,CAP_PRIORITY,CAP_HIDDEN) values ('CAP_ALLOW_TEMPIP','관리자>보안관리>임시허용 IP목록','임시허용 IP 관리','/[a-z0-9]+/asacms/allowipTemp/.*',null,null,null,null,'ALL',to_date('19/07/21','RR/MM/DD'),1,10,0);
Insert into ASA_CAPABILITY (CAP_ID,CAP_NAME,CAP_DESCRIPTION,CAP_VALUE,CAP_PARAM1_KEY,CAP_PARAM1_VALUE,CAP_PARAM2_KEY,CAP_PARAM2_VALUE,CAP_HTTP_METHOD,CAP_REGDATE,CAP_DEFAULT,CAP_PRIORITY,CAP_HIDDEN) values ('CAP_CONTENT','관리자>홈페이지관리>콘텐츠관리','콘텐츠관리 권한','/[a-z0-9]+/asacms/content/.*',null,null,null,null,'ALL',to_date('19/07/21','RR/MM/DD'),1,10,0);
Insert into ASA_CAPABILITY (CAP_ID,CAP_NAME,CAP_DESCRIPTION,CAP_VALUE,CAP_PARAM1_KEY,CAP_PARAM1_VALUE,CAP_PARAM2_KEY,CAP_PARAM2_VALUE,CAP_HTTP_METHOD,CAP_REGDATE,CAP_DEFAULT,CAP_PRIORITY,CAP_HIDDEN) values ('CAP_CONTENT_SEARCH','콘텐츠검색','타 모듈에서 콘텐츠검색','/[a-z0-9]+/asacms/content/search.*',null,null,null,null,'ALL',to_date('19/11/07','RR/MM/DD'),1,20,0);
Insert into ASA_CAPABILITY (CAP_ID,CAP_NAME,CAP_DESCRIPTION,CAP_VALUE,CAP_PARAM1_KEY,CAP_PARAM1_VALUE,CAP_PARAM2_KEY,CAP_PARAM2_VALUE,CAP_HTTP_METHOD,CAP_REGDATE,CAP_DEFAULT,CAP_PRIORITY,CAP_HIDDEN) values ('CAP_MEMBER_ADMIN_SEARCH','관리자조회','타 모듈에서 관리자조회','/[a-z0-9]+/asacms/member/admin/search.*',null,null,null,null,'ALL',to_date('19/11/07','RR/MM/DD'),1,20,0);


-- ASA_ROLE
Insert into ASA_ROLE (ROLE_CODE,ROLE_NAME,ROLE_DESCRIPTION,ROLE_REGDATE,ROLE_DEFAULT,ROLE_ADMIN,ROLE_JOIN) values ('ROLE_GUEST','비회원','비회원으로 권한이 없는 역할',to_date('18/10/05','RR/MM/DD'),1,0,0);
Insert into ASA_ROLE (ROLE_CODE,ROLE_NAME,ROLE_DESCRIPTION,ROLE_REGDATE,ROLE_DEFAULT,ROLE_ADMIN,ROLE_JOIN) values ('ROLE_TEST','테스트 역할','테스트 역할',to_date('18/05/21','RR/MM/DD'),0,0,1);
Insert into ASA_ROLE (ROLE_CODE,ROLE_NAME,ROLE_DESCRIPTION,ROLE_REGDATE,ROLE_DEFAULT,ROLE_ADMIN,ROLE_JOIN) values ('ROLE_NORMAL_ADMIN','일반 관리자','일반 관리자',to_date('18/05/23','RR/MM/DD'),1,0,0);
Insert into ASA_ROLE (ROLE_CODE,ROLE_NAME,ROLE_DESCRIPTION,ROLE_REGDATE,ROLE_DEFAULT,ROLE_ADMIN,ROLE_JOIN) values ('ROLE_SUPER_ADMIN','최고관리자','최고관리자',to_date('18/05/21','RR/MM/DD'),1,1,0);

-- ASA_ROLE_CAP
Insert into ASA_ROLE_CAP (ROLE_CODE,CAP_ID) values ('ROLE_ADMIN','CAP_ADMIN_ACCESS');
Insert into ASA_ROLE_CAP (ROLE_CODE,CAP_ID) values ('ROLE_ADMIN','CAP_DASHBOARD');
Insert into ASA_ROLE_CAP (ROLE_CODE,CAP_ID) values ('ROLE_NORMAL_ADMIN','CAP_ADMIN_ACCESS');
Insert into ASA_ROLE_CAP (ROLE_CODE,CAP_ID) values ('ROLE_NORMAL_ADMIN','CAP_BANNER');
Insert into ASA_ROLE_CAP (ROLE_CODE,CAP_ID) values ('ROLE_NORMAL_ADMIN','CAP_BOARD_LIST');
Insert into ASA_ROLE_CAP (ROLE_CODE,CAP_ID) values ('ROLE_NORMAL_ADMIN','CAP_CODE');
Insert into ASA_ROLE_CAP (ROLE_CODE,CAP_ID) values ('ROLE_NORMAL_ADMIN','CAP_COMMON_CONTENT');
Insert into ASA_ROLE_CAP (ROLE_CODE,CAP_ID) values ('ROLE_NORMAL_ADMIN','CAP_DASHBOARD');
Insert into ASA_ROLE_CAP (ROLE_CODE,CAP_ID) values ('ROLE_NORMAL_ADMIN','CAP_ORGANIZATION');
Insert into ASA_ROLE_CAP (ROLE_CODE,CAP_ID) values ('ROLE_TEST','CAP_ADMIN_ACCESS');
Insert into ASA_ROLE_CAP (ROLE_CODE,CAP_ID) values ('ROLE_TEST','CAP_DASHBOARD');

-- ASA_ADMIN_MEMBER
Insert into ASA_ADMIN_MEMBER (ADMIN_ID,ADMIN_PASSWORD,ADMIN_NAME,ADMIN_SEX,ADMIN_EMAIL,ADMIN_TEL1,ADMIN_TEL2,ADMIN_TEL3,ADMIN_MOBILE1,ADMIN_MOBILE2,ADMIN_MOBILE3,ADMIN_FAX,ADMIN_ZIPCODE,ADMIN_ADDRESS,ADMIN_ADDRESS_DETAIL,ADMIN_REGDATE,ADMIN_ACTIVE,ADMIN_LOGIN_LAST_DATE,ADMIN_PW_LAST_UPDATE,ADMIN_ORGANIZATION,ADMIN_DEPARTMENT,ADMIN_POSITION,ADMIN_ROLE) values ('yckim','9yGJIpHYNl+5GnDnMWNtH3PzqzkXefGk9BxU7KEBZkQ=','r0KXESboSuKxbY1QRWWmeA==','M','yMg1iZjTsaToFn5mMs1WyQ==','3GT8GK834J9lSBxlog3HbQ==','Yog6roZ2P69NEsJV4LfMdQ==','Yog6roZ2P69NEsJV4LfMdQ==','0kiR9Xr9cILdkLfn1kGl2g==','Yog6roZ2P69NEsJV4LfMdQ==','Yog6roZ2P69NEsJV4LfMdQ==','Qk0rcE9PTQN3oE4fDJirZA==','MIjCmdTD6WMKhehlFOqHxQ==','WkNmyxloNfiibp9LGk5YX6MC/rAwif3BA35oo4oupyzXkCMtDD9WGLVhAKh/XFOQtTqu3naz84Vp
B0sFs3c1sZYakfGj+Aq1mmfPwjaTSuI=','ZfY3hAqvL4WKP90yYjP/ug==',to_date('18/05/03','RR/MM/DD'),1,to_date('18/10/08','RR/MM/DD'),to_date('17/08/16','RR/MM/DD'),'org_02','dep10003','section_chief',null);
Insert into ASA_ADMIN_MEMBER (ADMIN_ID,ADMIN_PASSWORD,ADMIN_NAME,ADMIN_SEX,ADMIN_EMAIL,ADMIN_TEL1,ADMIN_TEL2,ADMIN_TEL3,ADMIN_MOBILE1,ADMIN_MOBILE2,ADMIN_MOBILE3,ADMIN_FAX,ADMIN_ZIPCODE,ADMIN_ADDRESS,ADMIN_ADDRESS_DETAIL,ADMIN_REGDATE,ADMIN_ACTIVE,ADMIN_LOGIN_LAST_DATE,ADMIN_PW_LAST_UPDATE,ADMIN_ORGANIZATION,ADMIN_DEPARTMENT,ADMIN_POSITION,ADMIN_ROLE) values ('admin','9yGJIpHYNl+5GnDnMWNtH3PzqzkXefGk9BxU7KEBZkQ=','IXgiWOvLnFp6xiy9Evz79w==',null,'RvDN23WB6sPIh0OTsNbMIw==',null,null,null,'0kiR9Xr9cILdkLfn1kGl2g==','kOSqHKsW4T5cggF1nlbOrA==','kOSqHKsW4T5cggF1nlbOrA==',null,null,null,null,to_date('18/05/23','RR/MM/DD'),1,to_date('18/10/10','RR/MM/DD'),to_date('18/05/23','RR/MM/DD'),'org_02','dep10002',null,null);

-- ASA_MENU
Insert into ASA_MENU (MENU_ID,MENU_NAME,MENU_TYPE,MENU_GNB_TYPE,MENU_GNB_EXT_ON,MENU_GNB_EXT_OFF,MENU_SNB_TYPE,MENU_SNB_EXT_ON,MENU_SNB_EXT_OFF,MENU_TITLE_TYPE,MENU_TITLE_EXT,MENU_TITLE_SUB_TEXT,MENU_LINK,MENU_NEW_WIN,MENU_PARENT,MENU_DEPTH,MENU_ORDER,MENU_HEADER,MENU_TEMPLATE,MENU_FOOTER,MENU_STATUS,MENU_MANAGER,MENU_DEPARTMENT,MENU_PHONE,MENU_EMAIL,MENU_ETC,MENU_REGDATE,MENU_USE_SATISFACTION,MENU_LAST_MODIFIED,MENU_LOCATION,SITE_PREFIX) values ('home','Home','program','text',null,null,'text',null,null,'text',null,null,'/site/main',0,null,1,0,'header.jsp','content.jsp','footer.jsp','hidden',null,null,null,null,null,to_date('18/07/25','RR/MM/DD'),0,to_date('18/07/25','RR/MM/DD'),'Home','ASA');

-- ASA_CONTENT
Insert into ASA_CONTENT (CONTENT_TITLE,CONTENT_ID,CONTENT_ROOT,MENU_ID,CONTENT,CONTENT_PLAIN,CONTENT_STATUS,CONTENT_VER,CONTENT_REGDATE,CONTENT_LAST_MODIFIED,CONTENT_LAST_WORKER,CONTENT_MEMO,SITE_PREFIX) values ('편집되지않은 콘텐츠',1,1,'','콘텐츠가 편집되지 않았습니다.','','publish',0,to_date('19/03/18','RR/MM/DD'),to_date('19/03/18','RR/MM/DD'),'admin',null,'ASA');

-- ASA_CONFIG_OPTION
Insert into ASA_CONFIG_OPTION (CONF_ID,OPT_KEY,OPT_VALUE,OPT_NAME,OPT_TYPE,OPT_HIDDEN,OPT_UNIT_TEXT,OPT_HELP,SITE_PREFIX) values ('archive','post_content_tag','false','포스트 콘텐츠 본문 단어 태깅여부','radio',0,null,null,'ASA');
Insert into ASA_CONFIG_OPTION (CONF_ID,OPT_KEY,OPT_VALUE,OPT_NAME,OPT_TYPE,OPT_HIDDEN,OPT_UNIT_TEXT,OPT_HELP,SITE_PREFIX) values ('comment','daum_client_id','6083247572390422911','다음 Client ID','text',0,null,null,'ASA');
Insert into ASA_CONFIG_OPTION (CONF_ID,OPT_KEY,OPT_VALUE,OPT_NAME,OPT_TYPE,OPT_HIDDEN,OPT_UNIT_TEXT,OPT_HELP,SITE_PREFIX) values ('comment','daum_client_secret','7e9cee4d3aa2884068def2e211dcf219','다음 Client Secret','text',0,null,null,'ASA');
Insert into ASA_CONFIG_OPTION (CONF_ID,OPT_KEY,OPT_VALUE,OPT_NAME,OPT_TYPE,OPT_HIDDEN,OPT_UNIT_TEXT,OPT_HELP,SITE_PREFIX) values ('comment','facebook_app_id','787076231379494','페이스북 App ID','text',0,null,null,'ASA');
Insert into ASA_CONFIG_OPTION (CONF_ID,OPT_KEY,OPT_VALUE,OPT_NAME,OPT_TYPE,OPT_HIDDEN,OPT_UNIT_TEXT,OPT_HELP,SITE_PREFIX) values ('comment','facebook_app_secret','8a4928861ad605481bde340a9b012297','페이스북 App Secret','text',0,null,null,'ASA');
Insert into ASA_CONFIG_OPTION (CONF_ID,OPT_KEY,OPT_VALUE,OPT_NAME,OPT_TYPE,OPT_HIDDEN,OPT_UNIT_TEXT,OPT_HELP,SITE_PREFIX) values ('comment','googleplus_client_id','503928239157-d4fcv1rqt6vteujese7ps4s41vsagd5q.apps.googleusercontent.com','구글플러스 Client ID','text',0,null,null,'ASA');
Insert into ASA_CONFIG_OPTION (CONF_ID,OPT_KEY,OPT_VALUE,OPT_NAME,OPT_TYPE,OPT_HIDDEN,OPT_UNIT_TEXT,OPT_HELP,SITE_PREFIX) values ('comment','googleplus_client_secret','JeUnyjNGBVAavM30stqS7fM1','구글플러스 Client Secret','text',0,null,null,'ASA');
Insert into ASA_CONFIG_OPTION (CONF_ID,OPT_KEY,OPT_VALUE,OPT_NAME,OPT_TYPE,OPT_HIDDEN,OPT_UNIT_TEXT,OPT_HELP,SITE_PREFIX) values ('comment','naver_client_id','quGTdPX2dS5zHqdWIYXE','네이버 Client ID','text',0,null,null,'ASA');
Insert into ASA_CONFIG_OPTION (CONF_ID,OPT_KEY,OPT_VALUE,OPT_NAME,OPT_TYPE,OPT_HIDDEN,OPT_UNIT_TEXT,OPT_HELP,SITE_PREFIX) values ('comment','naver_client_secret','H5KuS9hzhe','네이버 Client Secret','text',0,null,null,'ASA');
Insert into ASA_CONFIG_OPTION (CONF_ID,OPT_KEY,OPT_VALUE,OPT_NAME,OPT_TYPE,OPT_HIDDEN,OPT_UNIT_TEXT,OPT_HELP,SITE_PREFIX) values ('comment','twitter_api_key','GrmrODU8EVvdjuWJ1NMIGderK','트위터 API Key','text',0,null,null,'ASA');
Insert into ASA_CONFIG_OPTION (CONF_ID,OPT_KEY,OPT_VALUE,OPT_NAME,OPT_TYPE,OPT_HIDDEN,OPT_UNIT_TEXT,OPT_HELP,SITE_PREFIX) values ('comment','twitter_api_secret','2ijnielGkgWeU77KGVvDu4QGajld5vO3IQLS2fAzzynIGq46Hy','트위터 API Secret','text',0,null,null,'ASA');
Insert into ASA_CONFIG_OPTION (CONF_ID,OPT_KEY,OPT_VALUE,OPT_NAME,OPT_TYPE,OPT_HIDDEN,OPT_UNIT_TEXT,OPT_HELP,SITE_PREFIX) values ('comment','use_moderate','false','댓글감독기능 사용유무','radio',0,null,null,'ASA');
Insert into ASA_CONFIG_OPTION (CONF_ID,OPT_KEY,OPT_VALUE,OPT_NAME,OPT_TYPE,OPT_HIDDEN,OPT_UNIT_TEXT,OPT_HELP,SITE_PREFIX) values ('design','nav_gnb_display_depth','1','GNB 출력 뎁스 제한','text',0,null,null,'ASA');
Insert into ASA_CONFIG_OPTION (CONF_ID,OPT_KEY,OPT_VALUE,OPT_NAME,OPT_TYPE,OPT_HIDDEN,OPT_UNIT_TEXT,OPT_HELP,SITE_PREFIX) values ('design','nav_snb_display_depth','2','SNB 출력 뎁스 제한','text',0,null,null,'ASA');
Insert into ASA_CONFIG_OPTION (CONF_ID,OPT_KEY,OPT_VALUE,OPT_NAME,OPT_TYPE,OPT_HIDDEN,OPT_UNIT_TEXT,OPT_HELP,SITE_PREFIX) values ('design','nav_m_gnb_display_depth','2','모바일 GNB 출력 뎁스 제한','text',0,null,null,'ASA');
Insert into ASA_CONFIG_OPTION (CONF_ID,OPT_KEY,OPT_VALUE,OPT_NAME,OPT_TYPE,OPT_HIDDEN,OPT_UNIT_TEXT,OPT_HELP,SITE_PREFIX) values ('design','menu_hash_tag_code_category','menu_hash_tag','메뉴 해시태그 코드','text',0,null,'콘텐츠 메뉴의 해시테그로 사용할 코드 카테고리','ASA');
Insert into ASA_CONFIG_OPTION (CONF_ID,OPT_KEY,OPT_VALUE,OPT_NAME,OPT_TYPE,OPT_HIDDEN,OPT_UNIT_TEXT,OPT_HELP,SITE_PREFIX) values ('global','admin_access_whitelist',null,'관리자단 접근가능IP','textarea',1,null,'<br/>전체 아이피또는 아이피패턴형태 로 입력할 수 있습니다. (모든숫자는 *로 표시, 엔터로 구분 ex) 100.100.*.*)','ASA');
Insert into ASA_CONFIG_OPTION (CONF_ID,OPT_KEY,OPT_VALUE,OPT_NAME,OPT_TYPE,OPT_HIDDEN,OPT_UNIT_TEXT,OPT_HELP,SITE_PREFIX) values ('global','clean_email',null,'클린신고센터 이메일','text',1,null,'클린신고센터 신고시 해당이메일로 메일이 발송됩니다.(공백일경우 미발송, 쉼표(,)로 복수이메일 구분)','ASA');
Insert into ASA_CONFIG_OPTION (CONF_ID,OPT_KEY,OPT_VALUE,OPT_NAME,OPT_TYPE,OPT_HIDDEN,OPT_UNIT_TEXT,OPT_HELP,SITE_PREFIX) values ('global','cookie_domain','.dev.asadal.com','쿠키도메인','text',1,null,null,'ASA');
Insert into ASA_CONFIG_OPTION (CONF_ID,OPT_KEY,OPT_VALUE,OPT_NAME,OPT_TYPE,OPT_HIDDEN,OPT_UNIT_TEXT,OPT_HELP,SITE_PREFIX) values ('global','default_member_level','BASIC','가입시 회원등급','text',1,null,'시스템-코드관리의 상세코드값을 입력해주세요.','ASA');
Insert into ASA_CONFIG_OPTION (CONF_ID,OPT_KEY,OPT_VALUE,OPT_NAME,OPT_TYPE,OPT_HIDDEN,OPT_UNIT_TEXT,OPT_HELP,SITE_PREFIX) values ('global','display_error_detail','true','에러페이지 에러내용 표시여부','radio',0,null,'False 일경우 에러의 세부내용은 표시되지 않습니다.','ASA');
Insert into ASA_CONFIG_OPTION (CONF_ID,OPT_KEY,OPT_VALUE,OPT_NAME,OPT_TYPE,OPT_HIDDEN,OPT_UNIT_TEXT,OPT_HELP,SITE_PREFIX) values ('global','fix_kor_active','true','한글깨짐 보정 사용여부','radio',0,null,null,'ASA');
Insert into ASA_CONFIG_OPTION (CONF_ID,OPT_KEY,OPT_VALUE,OPT_NAME,OPT_TYPE,OPT_HIDDEN,OPT_UNIT_TEXT,OPT_HELP,SITE_PREFIX) values ('global','fix_kor_from','8859_1','한글깨짐 보정 읽을 문자셋','text',0,null,'한글깨짐 보정 사용시에만 적용됩니다.(ex. 8859_1)','ASA');
Insert into ASA_CONFIG_OPTION (CONF_ID,OPT_KEY,OPT_VALUE,OPT_NAME,OPT_TYPE,OPT_HIDDEN,OPT_UNIT_TEXT,OPT_HELP,SITE_PREFIX) values ('global','fix_kor_to','UTF-8','한글깨짐 보정 쓸 문자셋','text',0,null,'한글깨짐 보정 사용시에만 적용됩니다. (ex. UTF-8)','ASA');
Insert into ASA_CONFIG_OPTION (CONF_ID,OPT_KEY,OPT_VALUE,OPT_NAME,OPT_TYPE,OPT_HIDDEN,OPT_UNIT_TEXT,OPT_HELP,SITE_PREFIX) values ('global','qna_email',null,'묻고답하기 이메일','text',1,null,'묻고답하기 등록시 해당이메일로 메일이 발송됩니다.(공백일경우 미발송, 쉼표(,)로 복수이메일 구분)','ASA');
Insert into ASA_CONFIG_OPTION (CONF_ID,OPT_KEY,OPT_VALUE,OPT_NAME,OPT_TYPE,OPT_HIDDEN,OPT_UNIT_TEXT,OPT_HELP,SITE_PREFIX) values ('global','signup_require_email_confirm','false','가입시 이메일인증 필요여부','radio',1,null,'회원가입 후 가입확인 이메일을 확인해야 최종가입이 처리됩니다.','ASA');
Insert into ASA_CONFIG_OPTION (CONF_ID,OPT_KEY,OPT_VALUE,OPT_NAME,OPT_TYPE,OPT_HIDDEN,OPT_UNIT_TEXT,OPT_HELP,SITE_PREFIX) values ('global','stat_referer_item','네이버^search.naver.com\r\n다음^search.daum.net\r\n구글^google.co.kr\r\nNDSL^www.ndsl.kr\r\n네이트^search.daum.net','유입경로 구분자 지정','textarea',1,null,'유입경로 통계에서 리퍼러 문자열을 파싱할 기준. ex) 네이버^search.naver.com (복수데이터 엔터구분)','ASA');
Insert into ASA_CONFIG_OPTION (CONF_ID,OPT_KEY,OPT_VALUE,OPT_NAME,OPT_TYPE,OPT_HIDDEN,OPT_UNIT_TEXT,OPT_HELP,SITE_PREFIX) values ('global','use_captcha_secret_key','6LfFvyQTAAAAACK-obxnqwbMorkSFxHZSZeetjKY','캡차 시크릿키','text',1,null,null,'ASA');
Insert into ASA_CONFIG_OPTION (CONF_ID,OPT_KEY,OPT_VALUE,OPT_NAME,OPT_TYPE,OPT_HIDDEN,OPT_UNIT_TEXT,OPT_HELP,SITE_PREFIX) values ('global','use_captcha_signup','true','회원가입시 캡차사용여부','radio',1,null,null,'ASA');
Insert into ASA_CONFIG_OPTION (CONF_ID,OPT_KEY,OPT_VALUE,OPT_NAME,OPT_TYPE,OPT_HIDDEN,OPT_UNIT_TEXT,OPT_HELP,SITE_PREFIX) values ('global','use_captcha_site_key','6LfFvyQTAAAAABZm3Bwwf-A_ZtPKyxGEFhf07P_u','캡차 사이트키','text',1,null,null,'ASA');
Insert into ASA_CONFIG_OPTION (CONF_ID,OPT_KEY,OPT_VALUE,OPT_NAME,OPT_TYPE,OPT_HIDDEN,OPT_UNIT_TEXT,OPT_HELP,SITE_PREFIX) values ('global','use_cookie_sso','false','쿠키기반 SSO 사용여부','radio',1,null,'서브도메인 사이트 운용시 사이트간 세션유지를 위해 필요합니다. 서브디렉토리 형태로 운영할 경우 false로 설해 주세요.','ASA');
Insert into ASA_CONFIG_OPTION (CONF_ID,OPT_KEY,OPT_VALUE,OPT_NAME,OPT_TYPE,OPT_HIDDEN,OPT_UNIT_TEXT,OPT_HELP,SITE_PREFIX) values ('global','use_db_encryption','true','CMS DB암호화기능 사용여부','radio',0,null,'개인정보의 저장시 데이터 암호화를 하여 DB에 저장합니다. 별도의DB 암호화 솔루션을 사용하는 경우 false로 세팅되어야 한다. (중요) false로 세팅하기 전에 DB의 값은 복호화된 값으로 다 돌려놔야 함.','ASA');
Insert into ASA_CONFIG_OPTION (CONF_ID,OPT_KEY,OPT_VALUE,OPT_NAME,OPT_TYPE,OPT_HIDDEN,OPT_UNIT_TEXT,OPT_HELP,SITE_PREFIX) values ('google_analytics','ga_10_activate','false','구글애널리틱스 사용여부','radio',0,null,'https://console.developers.google.com→프로젝트만들기→사용자인증정보만들기→서비스계정키','ASA');
Insert into ASA_CONFIG_OPTION (CONF_ID,OPT_KEY,OPT_VALUE,OPT_NAME,OPT_TYPE,OPT_HIDDEN,OPT_UNIT_TEXT,OPT_HELP,SITE_PREFIX) values ('google_analytics','ga_10_uid','UA-XXXXXXXX-X','구글애널리틱스 UID','text',0,null,'ex) UA-XXXXXXXX-X','ASA');
Insert into ASA_CONFIG_OPTION (CONF_ID,OPT_KEY,OPT_VALUE,OPT_NAME,OPT_TYPE,OPT_HIDDEN,OPT_UNIT_TEXT,OPT_HELP,SITE_PREFIX) values ('google_analytics','ga_20_dashboard','false','대시보드 차트표시여부','radio',0,null,'대시보드에 차트를 표시하기 위해서는, API콘솔에서 사용자인증정보 서비스계정키생성으로 Json다운로드 후 이 과정에서 생성된 서비스사용자 이메일 주소를 애널리틱스 보고서의 사용자관리에서 사용자로 등록해주어야 합니다.','ASA');
Insert into ASA_CONFIG_OPTION (CONF_ID,OPT_KEY,OPT_VALUE,OPT_NAME,OPT_TYPE,OPT_HIDDEN,OPT_UNIT_TEXT,OPT_HELP,SITE_PREFIX) values ('google_analytics','ga_20_view_id','애널리틱스 보고서 보기ID','애널리틱스 보고서 View ID','text',0,null,'대시보드에 차트를 표시할 경우에만 필요. https://analytics.google.com→보고서→설정보기→보기ID','ASA');
Insert into ASA_CONFIG_OPTION (CONF_ID,OPT_KEY,OPT_VALUE,OPT_NAME,OPT_TYPE,OPT_HIDDEN,OPT_UNIT_TEXT,OPT_HELP,SITE_PREFIX) values ('mail','default_encoding','UTF-8','기본 인코딩','text',0,null,null,'ASA');
Insert into ASA_CONFIG_OPTION (CONF_ID,OPT_KEY,OPT_VALUE,OPT_NAME,OPT_TYPE,OPT_HIDDEN,OPT_UNIT_TEXT,OPT_HELP,SITE_PREFIX) values ('mail','host','localhost','메일서버 호스트','text',0,null,'메일서버호스트','ASA');
Insert into ASA_CONFIG_OPTION (CONF_ID,OPT_KEY,OPT_VALUE,OPT_NAME,OPT_TYPE,OPT_HIDDEN,OPT_UNIT_TEXT,OPT_HELP,SITE_PREFIX) values ('mail','mail.smtp.auth','false','mail.smtp.auth','radio',0,null,'인증을 사용할지 여부','ASA');
Insert into ASA_CONFIG_OPTION (CONF_ID,OPT_KEY,OPT_VALUE,OPT_NAME,OPT_TYPE,OPT_HIDDEN,OPT_UNIT_TEXT,OPT_HELP,SITE_PREFIX) values ('mail','mail.smtp.ssl.enable','false','mail.smtp.ssl.enable','radio',0,null,'암묵적으로 보안채널로 이메일을 전송할지 여부(gmail port : 465)','ASA');
Insert into ASA_CONFIG_OPTION (CONF_ID,OPT_KEY,OPT_VALUE,OPT_NAME,OPT_TYPE,OPT_HIDDEN,OPT_UNIT_TEXT,OPT_HELP,SITE_PREFIX) values ('mail','mail.smtp.starttls.enable','false','mail.smtp.starttls.enable','radio',0,null,'명시적으로 보안채널로 이메일을 전송할지 여부(mail.smtp.ssl.trust 프로퍼티에 자동으로 host의 값이 할당됨, gmail port : 587)','ASA');
Insert into ASA_CONFIG_OPTION (CONF_ID,OPT_KEY,OPT_VALUE,OPT_NAME,OPT_TYPE,OPT_HIDDEN,OPT_UNIT_TEXT,OPT_HELP,SITE_PREFIX) values ('mail','mail.smtp.timeout','100000','mail.smtp.timeout','text',0,'ms',null,'ASA');
Insert into ASA_CONFIG_OPTION (CONF_ID,OPT_KEY,OPT_VALUE,OPT_NAME,OPT_TYPE,OPT_HIDDEN,OPT_UNIT_TEXT,OPT_HELP,SITE_PREFIX) values ('mail','password',null,'Password','text',0,null,null,'ASA');
Insert into ASA_CONFIG_OPTION (CONF_ID,OPT_KEY,OPT_VALUE,OPT_NAME,OPT_TYPE,OPT_HIDDEN,OPT_UNIT_TEXT,OPT_HELP,SITE_PREFIX) values ('mail','port','25','포트','text',0,null,'ex) 25, 465, 587','ASA');
Insert into ASA_CONFIG_OPTION (CONF_ID,OPT_KEY,OPT_VALUE,OPT_NAME,OPT_TYPE,OPT_HIDDEN,OPT_UNIT_TEXT,OPT_HELP,SITE_PREFIX) values ('mail','protocal','smtp','프로토콜','text',0,null,null,'ASA');
Insert into ASA_CONFIG_OPTION (CONF_ID,OPT_KEY,OPT_VALUE,OPT_NAME,OPT_TYPE,OPT_HIDDEN,OPT_UNIT_TEXT,OPT_HELP,SITE_PREFIX) values ('mail','username',null,'Username','text',0,null,null,'ASA');
Insert into ASA_CONFIG_OPTION (CONF_ID,OPT_KEY,OPT_VALUE,OPT_NAME,OPT_TYPE,OPT_HIDDEN,OPT_UNIT_TEXT,OPT_HELP,SITE_PREFIX) values ('media','upload_size_limit','300','미디어 업로드 용량 제한','text',0,'MB','웹서버의 업로드제한값 변경, 어플리케이션 설정의 임시저장폴더 크기 변경등 개발단에서의 설정이 필요할 수 있습니다.','ASA');
Insert into ASA_CONFIG_OPTION (CONF_ID,OPT_KEY,OPT_VALUE,OPT_NAME,OPT_TYPE,OPT_HIDDEN,OPT_UNIT_TEXT,OPT_HELP,SITE_PREFIX) values ('media','use_ffmpeg','true','FFmpeg 인코딩 사용여부','radio',0,null,'동영상 또는 음악(음성)파일을 ffmpeg library를 이용해 mp4, mp3로 인코딩합니다. (서버자원이 여유가 있을 경우에만 사용해주세요.)','ASA');
Insert into ASA_CONFIG_OPTION (CONF_ID,OPT_KEY,OPT_VALUE,OPT_NAME,OPT_TYPE,OPT_HIDDEN,OPT_UNIT_TEXT,OPT_HELP,SITE_PREFIX) values ('remote_publish','facebook_app_id','655891324506129','원격출판 Facebook App Id','text',0,null,null,'ASA');
Insert into ASA_CONFIG_OPTION (CONF_ID,OPT_KEY,OPT_VALUE,OPT_NAME,OPT_TYPE,OPT_HIDDEN,OPT_UNIT_TEXT,OPT_HELP,SITE_PREFIX) values ('remote_publish','facebook_app_secret','14fcfa2f42552d41266cd106bc77aaca','원격출판 Facebook App Sercet','text',0,null,null,'ASA');
Insert into ASA_CONFIG_OPTION (CONF_ID,OPT_KEY,OPT_VALUE,OPT_NAME,OPT_TYPE,OPT_HIDDEN,OPT_UNIT_TEXT,OPT_HELP,SITE_PREFIX) values ('remote_publish','facebook_page_access_token','CAAJUh5lokBEBALzQ0epUtsZAQ41LZCeZC4a4TcryltOaaild4ZB9UmsfFXAJ4SvJ5VBLmLj1dGFOkZAyafpVDiABOMaczGwSWqmNwELZC7Y66f0ugIVO7Y1ah6TmA9VnykNKeZC7kfcxlhPnuPBWAwxZCMxNohZChVpxXJgZAiuiZAvufgypNvB0b11','원격출판 Facebook Page Access Token','text',0,null,null,'ASA');
Insert into ASA_CONFIG_OPTION (CONF_ID,OPT_KEY,OPT_VALUE,OPT_NAME,OPT_TYPE,OPT_HIDDEN,OPT_UNIT_TEXT,OPT_HELP,SITE_PREFIX) values ('remote_publish','facebook_page_id','1476880385891320','원격출판 Facebook Page Id','text',0,null,null,'ASA');
Insert into ASA_CONFIG_OPTION (CONF_ID,OPT_KEY,OPT_VALUE,OPT_NAME,OPT_TYPE,OPT_HIDDEN,OPT_UNIT_TEXT,OPT_HELP,SITE_PREFIX) values ('remote_publish','facebook_use','false','원격출판 Facebook 사용여부','radio',0,null,null,'ASA');
Insert into ASA_CONFIG_OPTION (CONF_ID,OPT_KEY,OPT_VALUE,OPT_NAME,OPT_TYPE,OPT_HIDDEN,OPT_UNIT_TEXT,OPT_HELP,SITE_PREFIX) values ('remote_publish','twitter_access_token','566891829-nJnXeTUfiz7TeZC5A3s17kQyHrgQCt6xtOxW1iZ1','원격출판 Twitter Access Token','text',0,null,null,'ASA');
Insert into ASA_CONFIG_OPTION (CONF_ID,OPT_KEY,OPT_VALUE,OPT_NAME,OPT_TYPE,OPT_HIDDEN,OPT_UNIT_TEXT,OPT_HELP,SITE_PREFIX) values ('remote_publish','twitter_access_token_secret','KC5EDSKiXjvR6wyihY7SsJh05fJlW6XAUz7LZF1GtFdXA','원격출판 Twitter Access Token Secret','text',0,null,null,'ASA');
Insert into ASA_CONFIG_OPTION (CONF_ID,OPT_KEY,OPT_VALUE,OPT_NAME,OPT_TYPE,OPT_HIDDEN,OPT_UNIT_TEXT,OPT_HELP,SITE_PREFIX) values ('remote_publish','twitter_api_key','EsiwiuUXWBs9xJaw1m8dLxMQg','원격출판 Twitter API key','text',0,null,null,'ASA');
Insert into ASA_CONFIG_OPTION (CONF_ID,OPT_KEY,OPT_VALUE,OPT_NAME,OPT_TYPE,OPT_HIDDEN,OPT_UNIT_TEXT,OPT_HELP,SITE_PREFIX) values ('remote_publish','twitter_api_secret','dnlDVWftom52O7iJMKwEQIzAFLo2S35jksXtEtv5ZdeXrcFJxt','원격출판 Twitter API secret','text',0,null,null,'ASA');
Insert into ASA_CONFIG_OPTION (CONF_ID,OPT_KEY,OPT_VALUE,OPT_NAME,OPT_TYPE,OPT_HIDDEN,OPT_UNIT_TEXT,OPT_HELP,SITE_PREFIX) values ('remote_publish','twitter_use','false','원격출판 Twitter 사용여부','radio',0,null,null,'ASA');
Insert into ASA_CONFIG_OPTION (CONF_ID,OPT_KEY,OPT_VALUE,OPT_NAME,OPT_TYPE,OPT_HIDDEN,OPT_UNIT_TEXT,OPT_HELP,SITE_PREFIX) values ('security','ssl','false','SSL 적용여부','radio',0,null,'주의! 서버에 SSL 인증서가 설치된 경우에만 사용가능합니다. 변경후 접속불가 상태가 될 경우 DB에서 직접 해당값을 수정해주어야 합니다.','ASA');
Insert into ASA_CONFIG_OPTION (CONF_ID,OPT_KEY,OPT_VALUE,OPT_NAME,OPT_TYPE,OPT_HIDDEN,OPT_UNIT_TEXT,OPT_HELP,SITE_PREFIX) values ('security','ssl_force_http','true','SSL 강제 HTTP 여부','radio',1,null,'URL이 SSL적용 패턴에 해당하지 않을 경우, 강제로 HTTP로 리다이렉트 시킬지 여부입니다.','ASA');
Insert into ASA_CONFIG_OPTION (CONF_ID,OPT_KEY,OPT_VALUE,OPT_NAME,OPT_TYPE,OPT_HIDDEN,OPT_UNIT_TEXT,OPT_HELP,SITE_PREFIX) values ('security','ssl_pattern','.*/admin/.*','SSL 적용 URL 패턴','textarea',1,null,'<br/>엔터로 구분되며, 정규식형태로 입력가능합니다.(/site/main/login.*). 패턴값이 없을 경우 적용여부가 true 이면 모든 url에 강제 적용됩니다.','ASA');
Insert into ASA_CONFIG_OPTION (CONF_ID,OPT_KEY,OPT_VALUE,OPT_NAME,OPT_TYPE,OPT_HIDDEN,OPT_UNIT_TEXT,OPT_HELP,SITE_PREFIX) values ('security','ssl_port',null,'SSL 포트','text',1,null,'공백일 경우 443으로 처리됩니다.','ASA');
Insert into ASA_CONFIG_OPTION (CONF_ID,OPT_KEY,OPT_VALUE,OPT_NAME,OPT_TYPE,OPT_HIDDEN,OPT_UNIT_TEXT,OPT_HELP,SITE_PREFIX) values ('security','overlap','false','관리자페이지 중복로그인 허용','radio',0,null,'한 아이디로 중복로그인 혀용 여부를 설정합니다.','ASA');
Insert into ASA_CONFIG_OPTION (CONF_ID,OPT_KEY,OPT_VALUE,OPT_NAME,OPT_TYPE,OPT_HIDDEN,OPT_UNIT_TEXT,OPT_HELP,SITE_PREFIX) values ('security','login_fail_restriction_type','temporary','로그인 실패 잠김 유형','radio',0,null,null,'ASA');
Insert into ASA_CONFIG_OPTION (CONF_ID,OPT_KEY,OPT_VALUE,OPT_NAME,OPT_TYPE,OPT_HIDDEN,OPT_UNIT_TEXT,OPT_HELP,SITE_PREFIX) values ('security','login_fail_limit_count','5','로그인 실패 재한 횟수','text',0,'회',null,'ASA');
Insert into ASA_CONFIG_OPTION (CONF_ID,OPT_KEY,OPT_VALUE,OPT_NAME,OPT_TYPE,OPT_HIDDEN,OPT_UNIT_TEXT,OPT_HELP,SITE_PREFIX) values ('security','login_fail_term_time','1','로그인 잠김 해제 시간 텀','text',0,'분',null,'ASA');
Insert into ASA_CONFIG_OPTION (CONF_ID,OPT_KEY,OPT_VALUE,OPT_NAME,OPT_TYPE,OPT_HIDDEN,OPT_UNIT_TEXT,OPT_HELP,SITE_PREFIX) values ('security','pwd_periodic_change','true','비밀번호 사용기간 사용 여부','radio',0,null,null,'ASA');
Insert into ASA_CONFIG_OPTION (CONF_ID,OPT_KEY,OPT_VALUE,OPT_NAME,OPT_TYPE,OPT_HIDDEN,OPT_UNIT_TEXT,OPT_HELP,SITE_PREFIX) values ('security','pwd_change_days','90','최대 비밀번호 사용 기간','text',0,'일',null,'ASA');
Insert into ASA_CONFIG_OPTION (CONF_ID,OPT_KEY,OPT_VALUE,OPT_NAME,OPT_TYPE,OPT_HIDDEN,OPT_UNIT_TEXT,OPT_HELP,SITE_PREFIX) values ('security','allow_ip','false','아이피 허용기능 사용여부','radio',0,null,'아이피 허용,차단 목록에 등록된 대상 아이피만 관리자 화면에 접속할 수 있다.','ASA');
Insert into ASA_CONFIG_OPTION (CONF_ID,OPT_KEY,OPT_VALUE,OPT_NAME,OPT_TYPE,OPT_HIDDEN,OPT_UNIT_TEXT,OPT_HELP,SITE_PREFIX) values ('security','allow_mac_address','false','맥주소 허용기능 사용여부','radio',0,null,'맥주소 허용,차단 목록에 등록된 대상 맥주소만 관리자 화면에 접속할 수 있다.','ASA');
Insert into ASA_CONFIG_OPTION (CONF_ID,OPT_KEY,OPT_VALUE,OPT_NAME,OPT_TYPE,OPT_HIDDEN,OPT_UNIT_TEXT,OPT_HELP,SITE_PREFIX) values ('site','dashboard_sysinfo','true','대시보드 시스템정보 표시여부','radio',1,null,null,'ASA');
Insert into ASA_CONFIG_OPTION (CONF_ID,OPT_KEY,OPT_VALUE,OPT_NAME,OPT_TYPE,OPT_HIDDEN,OPT_UNIT_TEXT,OPT_HELP,SITE_PREFIX) values ('site','force_redirect','false','사이트 접속시 강제 리다이렉트','radio',1,null,null,'ASA');
Insert into ASA_CONFIG_OPTION (CONF_ID,OPT_KEY,OPT_VALUE,OPT_NAME,OPT_TYPE,OPT_HIDDEN,OPT_UNIT_TEXT,OPT_HELP,SITE_PREFIX) values ('site','force_redirect_url','http://www.google.co.kr','사이트 접속시 강제 리다이렉트주소','text',1,null,null,'ASA');
Insert into ASA_CONFIG_OPTION (CONF_ID,OPT_KEY,OPT_VALUE,OPT_NAME,OPT_TYPE,OPT_HIDDEN,OPT_UNIT_TEXT,OPT_HELP,SITE_PREFIX) values ('site','mobile_home_index',null,'모바일 홈페이지 주소','text',1,null,'모바일 메인주소','ASA');
Insert into ASA_CONFIG_OPTION (CONF_ID,OPT_KEY,OPT_VALUE,OPT_NAME,OPT_TYPE,OPT_HIDDEN,OPT_UNIT_TEXT,OPT_HELP,SITE_PREFIX) values ('site','mobile_home_redirect','false','모바일 디바이스 리다이렉트','radio',1,null,'PC홈페이지 접속시 모바일디바이스 일 경우 모바일 홈페이지로 리다이렉트할것인지 여부','ASA');
Insert into ASA_CONFIG_OPTION (CONF_ID,OPT_KEY,OPT_VALUE,OPT_NAME,OPT_TYPE,OPT_HIDDEN,OPT_UNIT_TEXT,OPT_HELP,SITE_PREFIX) values ('site','qna_allow_guest','false','QnA 비회원 쓰기가능여부','radio',1,null,null,'ASA');
Insert into ASA_CONFIG_OPTION (CONF_ID,OPT_KEY,OPT_VALUE,OPT_NAME,OPT_TYPE,OPT_HIDDEN,OPT_UNIT_TEXT,OPT_HELP,SITE_PREFIX) values ('site','site_email',null,'사이트 대표이메일','text',1,null,'공백일 경우 관리자계정의 이메일이 대신 사용됩니다.','ASA');
Insert into ASA_CONFIG_OPTION (CONF_ID,OPT_KEY,OPT_VALUE,OPT_NAME,OPT_TYPE,OPT_HIDDEN,OPT_UNIT_TEXT,OPT_HELP,SITE_PREFIX) values ('site','thumb_crop','false','썸네일 자르기(원본비율무시)','radio',1,null,'자르기 하지 않을경우 썸네일 설정 가로,세로 길이이하의 원본이미지와 동일 비율로 썸네일 생성','ASA');
Insert into ASA_CONFIG_OPTION (CONF_ID,OPT_KEY,OPT_VALUE,OPT_NAME,OPT_TYPE,OPT_HIDDEN,OPT_UNIT_TEXT,OPT_HELP,SITE_PREFIX) values ('site','thumb_default_height','500','썸네일 생성 기본 세로길이','text',1,'px',null,'ASA');
Insert into ASA_CONFIG_OPTION (CONF_ID,OPT_KEY,OPT_VALUE,OPT_NAME,OPT_TYPE,OPT_HIDDEN,OPT_UNIT_TEXT,OPT_HELP,SITE_PREFIX) values ('site','thumb_default_width','500','썸네일 생성 기본 가로길이','text',1,'px',null,'ASA');
Insert into ASA_CONFIG_OPTION (CONF_ID,OPT_KEY,OPT_VALUE,OPT_NAME,OPT_TYPE,OPT_HIDDEN,OPT_UNIT_TEXT,OPT_HELP,SITE_PREFIX) values ('site','upload_white_list','jpg,jpeg,png,gif,bmp,ppt,pptx,xls,xlsx,doc,docx,pdf,txt,hwp,swf,wmv,mp4,flv,ogv,ogg,mp3,m4a,wav,wma,zip,rar,7zip,avi','업로드 허용 확장자','textarea',0,null,',로구분','ASA');
Insert into ASA_CONFIG_OPTION (CONF_ID,OPT_KEY,OPT_VALUE,OPT_NAME,OPT_TYPE,OPT_HIDDEN,OPT_UNIT_TEXT,OPT_HELP,SITE_PREFIX) values ('site','user_form_allow_tag','a,b,blockquote,br,caption,cite,code,col,colgroup,dd,dl,dt,em,h1,h2,h3,h4,h5,h6,i,img,li,ol,p,pre,q,small,strike,strong,sub,sup,table,tbody,td,tfoot,th,thead,tr,u,ul','허용태그','textarea',0,null,'프론트단 입력시 허용태그입니다.  ,로구분','ASA');
Insert into ASA_CONFIG_OPTION (CONF_ID,OPT_KEY,OPT_VALUE,OPT_NAME,OPT_TYPE,OPT_HIDDEN,OPT_UNIT_TEXT,OPT_HELP,SITE_PREFIX) values ('site','use_content_revision','true','콘텐츠 개정이력 사용여부','radio',0,null,'콘텐츠페이지 관리의 개정이력을 저장합니다.','ASA');
Insert into ASA_CONFIG_OPTION (CONF_ID,OPT_KEY,OPT_VALUE,OPT_NAME,OPT_TYPE,OPT_HIDDEN,OPT_UNIT_TEXT,OPT_HELP,SITE_PREFIX) values ('sns','daum_client_id','6083247572390422911','다음 Client ID','text',0,null,null,'ASA');
Insert into ASA_CONFIG_OPTION (CONF_ID,OPT_KEY,OPT_VALUE,OPT_NAME,OPT_TYPE,OPT_HIDDEN,OPT_UNIT_TEXT,OPT_HELP,SITE_PREFIX) values ('sns','daum_client_secret','7e9cee4d3aa2884068def2e211dcf219','다음 Client Secret','text',0,null,null,'ASA');
Insert into ASA_CONFIG_OPTION (CONF_ID,OPT_KEY,OPT_VALUE,OPT_NAME,OPT_TYPE,OPT_HIDDEN,OPT_UNIT_TEXT,OPT_HELP,SITE_PREFIX) values ('sns','facebook_app_id','787076231379494','페이스북 App ID','text',0,null,null,'ASA');
Insert into ASA_CONFIG_OPTION (CONF_ID,OPT_KEY,OPT_VALUE,OPT_NAME,OPT_TYPE,OPT_HIDDEN,OPT_UNIT_TEXT,OPT_HELP,SITE_PREFIX) values ('sns','facebook_app_secret','8a4928861ad605481bde340a9b012297','페이스북 App Secret','text',0,null,null,'ASA');
Insert into ASA_CONFIG_OPTION (CONF_ID,OPT_KEY,OPT_VALUE,OPT_NAME,OPT_TYPE,OPT_HIDDEN,OPT_UNIT_TEXT,OPT_HELP,SITE_PREFIX) values ('sns','googleplus_client_id','503928239157-d4fcv1rqt6vteujese7ps4s41vsagd5q.apps.googleusercontent.com','구글플러스 Client ID','text',0,null,null,'ASA');
Insert into ASA_CONFIG_OPTION (CONF_ID,OPT_KEY,OPT_VALUE,OPT_NAME,OPT_TYPE,OPT_HIDDEN,OPT_UNIT_TEXT,OPT_HELP,SITE_PREFIX) values ('sns','googleplus_client_secret','JeUnyjNGBVAavM30stqS7fM1','구글플러스 Client Secret','text',0,null,null,'ASA');
Insert into ASA_CONFIG_OPTION (CONF_ID,OPT_KEY,OPT_VALUE,OPT_NAME,OPT_TYPE,OPT_HIDDEN,OPT_UNIT_TEXT,OPT_HELP,SITE_PREFIX) values ('sns','naver_client_id','E7ywQ0GZkbyqpK70cE4V','네이버 Client ID','text',0,null,null,'ASA');
Insert into ASA_CONFIG_OPTION (CONF_ID,OPT_KEY,OPT_VALUE,OPT_NAME,OPT_TYPE,OPT_HIDDEN,OPT_UNIT_TEXT,OPT_HELP,SITE_PREFIX) values ('sns','naver_client_secret','YtS02sH4Dp','네이버 Client Secret','text',0,null,null,'ASA');
Insert into ASA_CONFIG_OPTION (CONF_ID,OPT_KEY,OPT_VALUE,OPT_NAME,OPT_TYPE,OPT_HIDDEN,OPT_UNIT_TEXT,OPT_HELP,SITE_PREFIX) values ('sns','twitter_api_key','Qj2ZaREYiBeGnCzPHpEBXVExW','트위터 API Key','text',0,null,null,'ASA');
Insert into ASA_CONFIG_OPTION (CONF_ID,OPT_KEY,OPT_VALUE,OPT_NAME,OPT_TYPE,OPT_HIDDEN,OPT_UNIT_TEXT,OPT_HELP,SITE_PREFIX) values ('sns','twitter_api_secret','w2Rmn0ucwENz8OYBwwRR3GzLEtSpC8QgCIcxqR8d1uLy9YDIZn','트위터 API Secret','text',0,null,null,'ASA');
Insert into ASA_CONFIG_OPTION (CONF_ID,OPT_KEY,OPT_VALUE,OPT_NAME,OPT_TYPE,OPT_HIDDEN,OPT_UNIT_TEXT,OPT_HELP,SITE_PREFIX) values ('watermark','watermark_image','/uploadfile/watermark/watermark.png','워터마크 이미지경로','text',1,null,'워터마크 이미지경로','ASA');
Insert into ASA_CONFIG_OPTION (CONF_ID,OPT_KEY,OPT_VALUE,OPT_NAME,OPT_TYPE,OPT_HIDDEN,OPT_UNIT_TEXT,OPT_HELP,SITE_PREFIX) values ('watermark','watermark_position','CENTER','워터마크 위치','text',0,null,'TOP_LEFT, TOP_CENTER, TOP_RIGHT, CENTER_LEFT, CENTER, CENTER_RIGHT, BOTTOM_LEFT, BOTTOM_CENTER, BOTTOM_RIGHT','ASA');
Insert into ASA_CONFIG_OPTION (CONF_ID,OPT_KEY,OPT_VALUE,OPT_NAME,OPT_TYPE,OPT_HIDDEN,OPT_UNIT_TEXT,OPT_HELP,SITE_PREFIX) values ('watermark','watermark_use','false','워터마크 기본사용 여부','radio',0,null,'미디어 업로드시 기본적으로 워터마크를 삽입할지 여부.(배너같이 일괄 삽입하지 않는 경우도 있으며 개별 프로그램에서 워터마크를 삽입해야할 경우 별도 처리해주어야 함)','ASA');

-- ASA_SITE
Insert into ASA_SITE (SITE_ID,SITE_NAME,SITE_DESCRIPTION,SITE_DOMAIN,SITE_TYPE,SITE_THEME,SITE_MAIN,SITE_LOCALE,SITE_LOGO,SITE_REGDATE) values ('asa','메인 사이트','메인 사이트로 최초 생성돼 있고 삭제할 수 없다.
cms 를 호출할 사이트 이며 사용자 사이트가 하나일 경우 같은도메인을 사용하면 된다.','localhost:8080,125.141.56.42:8080','domain','bucheon',1,'ko_KR',125,to_date('18/09/17','RR/MM/DD'));

-- ASA_ADMIN_SITE_ROLE_REL
Insert into ASA_ADMIN_SITE_ROLE_REL (ADMIN_ID,SITE_PREFIX,ROLE_CODE) values ('admin','ASA','ROLE_SUPER_ADMIN');

-- ASA_STATIS_ISO_3166_1
Insert into ASA_STATIS_ISO_3166_1 (NUM_CODE,ALPHA_3,ALPHA_2,ENG_NAME,KOR_NAME) values ('288','GHA','GH','Ghana','가나');
Insert into ASA_STATIS_ISO_3166_1 (NUM_CODE,ALPHA_3,ALPHA_2,ENG_NAME,KOR_NAME) values ('266','GAB','GA','Gabon','가봉');
Insert into ASA_STATIS_ISO_3166_1 (NUM_CODE,ALPHA_3,ALPHA_2,ENG_NAME,KOR_NAME) values ('328','GUY','GY','Guyana','가이아나');
Insert into ASA_STATIS_ISO_3166_1 (NUM_CODE,ALPHA_3,ALPHA_2,ENG_NAME,KOR_NAME) values ('270','GMB','GM','Gambia','감비아');
Insert into ASA_STATIS_ISO_3166_1 (NUM_CODE,ALPHA_3,ALPHA_2,ENG_NAME,KOR_NAME) values ('831','GGY','GG','Guernsey','건지섬');
Insert into ASA_STATIS_ISO_3166_1 (NUM_CODE,ALPHA_3,ALPHA_2,ENG_NAME,KOR_NAME) values ('312','GLP','GP','Guadeloupe','과들루프');
Insert into ASA_STATIS_ISO_3166_1 (NUM_CODE,ALPHA_3,ALPHA_2,ENG_NAME,KOR_NAME) values ('320','GTM','GT','Guatemala','과테말라');
Insert into ASA_STATIS_ISO_3166_1 (NUM_CODE,ALPHA_3,ALPHA_2,ENG_NAME,KOR_NAME) values ('316','GUM','GU','Guam','괌');
Insert into ASA_STATIS_ISO_3166_1 (NUM_CODE,ALPHA_3,ALPHA_2,ENG_NAME,KOR_NAME) values ('308','GRD','GD','Grenada','그레나다');
Insert into ASA_STATIS_ISO_3166_1 (NUM_CODE,ALPHA_3,ALPHA_2,ENG_NAME,KOR_NAME) values ('300','GRC','GR','Greece','그리스');
Insert into ASA_STATIS_ISO_3166_1 (NUM_CODE,ALPHA_3,ALPHA_2,ENG_NAME,KOR_NAME) values ('304','GRL','GL','Greenland','그린란드');
Insert into ASA_STATIS_ISO_3166_1 (NUM_CODE,ALPHA_3,ALPHA_2,ENG_NAME,KOR_NAME) values ('324','GIN','GN','Guinea','기니');
Insert into ASA_STATIS_ISO_3166_1 (NUM_CODE,ALPHA_3,ALPHA_2,ENG_NAME,KOR_NAME) values ('624','GNB','GW','Guinea-Bissau','기니비사우');
Insert into ASA_STATIS_ISO_3166_1 (NUM_CODE,ALPHA_3,ALPHA_2,ENG_NAME,KOR_NAME) values ('516','NAM','NA','Namibia','나미비아');
Insert into ASA_STATIS_ISO_3166_1 (NUM_CODE,ALPHA_3,ALPHA_2,ENG_NAME,KOR_NAME) values ('520','NRU','NR','Nauru','나우루');
Insert into ASA_STATIS_ISO_3166_1 (NUM_CODE,ALPHA_3,ALPHA_2,ENG_NAME,KOR_NAME) values ('566','NGA','NG','Nigeria','나이지리아');
Insert into ASA_STATIS_ISO_3166_1 (NUM_CODE,ALPHA_3,ALPHA_2,ENG_NAME,KOR_NAME) values ('10','ATA','AQ','Antarctica','남극');
Insert into ASA_STATIS_ISO_3166_1 (NUM_CODE,ALPHA_3,ALPHA_2,ENG_NAME,KOR_NAME) values ('728','SSD','SS','South Sudan','남수단');
Insert into ASA_STATIS_ISO_3166_1 (NUM_CODE,ALPHA_3,ALPHA_2,ENG_NAME,KOR_NAME) values ('710','ZAF','ZA','South Africa','남아프리카 공화국');
Insert into ASA_STATIS_ISO_3166_1 (NUM_CODE,ALPHA_3,ALPHA_2,ENG_NAME,KOR_NAME) values ('528','NLD','NL','Netherlands','네덜란드');
Insert into ASA_STATIS_ISO_3166_1 (NUM_CODE,ALPHA_3,ALPHA_2,ENG_NAME,KOR_NAME) values ('530','ANT','AN','Nederlandse Antillen','네덜란드령 안틸레스');
Insert into ASA_STATIS_ISO_3166_1 (NUM_CODE,ALPHA_3,ALPHA_2,ENG_NAME,KOR_NAME) values ('524','NPL','NP','Nepal','네팔');
Insert into ASA_STATIS_ISO_3166_1 (NUM_CODE,ALPHA_3,ALPHA_2,ENG_NAME,KOR_NAME) values ('578','NOR','NO','Norway','노르웨이');
Insert into ASA_STATIS_ISO_3166_1 (NUM_CODE,ALPHA_3,ALPHA_2,ENG_NAME,KOR_NAME) values ('574','NFK','NF','Norfolk Island','노퍽 섬');
Insert into ASA_STATIS_ISO_3166_1 (NUM_CODE,ALPHA_3,ALPHA_2,ENG_NAME,KOR_NAME) values ('540','NCL','NC','New Caledonia','누벨칼레도니');
Insert into ASA_STATIS_ISO_3166_1 (NUM_CODE,ALPHA_3,ALPHA_2,ENG_NAME,KOR_NAME) values ('554','NZL','NZ','New Zealand','뉴질랜드');
Insert into ASA_STATIS_ISO_3166_1 (NUM_CODE,ALPHA_3,ALPHA_2,ENG_NAME,KOR_NAME) values ('570','NIU','NU','Niue','니우에');
Insert into ASA_STATIS_ISO_3166_1 (NUM_CODE,ALPHA_3,ALPHA_2,ENG_NAME,KOR_NAME) values ('562','NER','NE','Niger','니제르');
Insert into ASA_STATIS_ISO_3166_1 (NUM_CODE,ALPHA_3,ALPHA_2,ENG_NAME,KOR_NAME) values ('558','NIC','NI','Nicaragua','니카라과');
Insert into ASA_STATIS_ISO_3166_1 (NUM_CODE,ALPHA_3,ALPHA_2,ENG_NAME,KOR_NAME) values ('410','KOR','KR','Korea, Republic of','대한민국');
Insert into ASA_STATIS_ISO_3166_1 (NUM_CODE,ALPHA_3,ALPHA_2,ENG_NAME,KOR_NAME) values ('208','DNK','DK','Denmark','덴마크');
Insert into ASA_STATIS_ISO_3166_1 (NUM_CODE,ALPHA_3,ALPHA_2,ENG_NAME,KOR_NAME) values ('214','DOM','DO','Dominican Republic','도미니카 공화국');
Insert into ASA_STATIS_ISO_3166_1 (NUM_CODE,ALPHA_3,ALPHA_2,ENG_NAME,KOR_NAME) values ('212','DMA','DM','Dominica','도미니카 연방');
Insert into ASA_STATIS_ISO_3166_1 (NUM_CODE,ALPHA_3,ALPHA_2,ENG_NAME,KOR_NAME) values ('276','DEU','DE','Germany','독일');
Insert into ASA_STATIS_ISO_3166_1 (NUM_CODE,ALPHA_3,ALPHA_2,ENG_NAME,KOR_NAME) values ('626','TLS','TL','Timor-Leste','동티모르');
Insert into ASA_STATIS_ISO_3166_1 (NUM_CODE,ALPHA_3,ALPHA_2,ENG_NAME,KOR_NAME) values ('418','LAO','LA','Lao People''s Democratic Republic','라오스');
Insert into ASA_STATIS_ISO_3166_1 (NUM_CODE,ALPHA_3,ALPHA_2,ENG_NAME,KOR_NAME) values ('430','LBR','LR','Liberia','라이베리아');
Insert into ASA_STATIS_ISO_3166_1 (NUM_CODE,ALPHA_3,ALPHA_2,ENG_NAME,KOR_NAME) values ('428','LVA','LV','Latvia','라트비아');
Insert into ASA_STATIS_ISO_3166_1 (NUM_CODE,ALPHA_3,ALPHA_2,ENG_NAME,KOR_NAME) values ('643','RUS','RU','Russian Federation','러시아');
Insert into ASA_STATIS_ISO_3166_1 (NUM_CODE,ALPHA_3,ALPHA_2,ENG_NAME,KOR_NAME) values ('422','LBN','LB','Lebanon','레바논');
Insert into ASA_STATIS_ISO_3166_1 (NUM_CODE,ALPHA_3,ALPHA_2,ENG_NAME,KOR_NAME) values ('426','LSO','LS','Lesotho','레소토');
Insert into ASA_STATIS_ISO_3166_1 (NUM_CODE,ALPHA_3,ALPHA_2,ENG_NAME,KOR_NAME) values ('638','REU','RE','R챕union','레위니옹');
Insert into ASA_STATIS_ISO_3166_1 (NUM_CODE,ALPHA_3,ALPHA_2,ENG_NAME,KOR_NAME) values ('642','ROU','RO','Romania','루마니아');
Insert into ASA_STATIS_ISO_3166_1 (NUM_CODE,ALPHA_3,ALPHA_2,ENG_NAME,KOR_NAME) values ('442','LUX','LU','Luxembourg','룩셈부르크');
Insert into ASA_STATIS_ISO_3166_1 (NUM_CODE,ALPHA_3,ALPHA_2,ENG_NAME,KOR_NAME) values ('646','RWA','RW','Rwanda','르완다');
Insert into ASA_STATIS_ISO_3166_1 (NUM_CODE,ALPHA_3,ALPHA_2,ENG_NAME,KOR_NAME) values ('434','LBY','LY','Libya','리비아');
Insert into ASA_STATIS_ISO_3166_1 (NUM_CODE,ALPHA_3,ALPHA_2,ENG_NAME,KOR_NAME) values ('440','LTU','LT','Lithuania','리투아니아');
Insert into ASA_STATIS_ISO_3166_1 (NUM_CODE,ALPHA_3,ALPHA_2,ENG_NAME,KOR_NAME) values ('438','LIE','LI','Liechtenstein','리히텐슈타인');
Insert into ASA_STATIS_ISO_3166_1 (NUM_CODE,ALPHA_3,ALPHA_2,ENG_NAME,KOR_NAME) values ('450','MDG','MG','Madagascar','마다가스카르');
Insert into ASA_STATIS_ISO_3166_1 (NUM_CODE,ALPHA_3,ALPHA_2,ENG_NAME,KOR_NAME) values ('474','MTQ','MQ','Martinique','마르티니크');
Insert into ASA_STATIS_ISO_3166_1 (NUM_CODE,ALPHA_3,ALPHA_2,ENG_NAME,KOR_NAME) values ('584','MHL','MH','Marshall Islands','마셜 제도');
Insert into ASA_STATIS_ISO_3166_1 (NUM_CODE,ALPHA_3,ALPHA_2,ENG_NAME,KOR_NAME) values ('175','MYT','YT','Mayotte','마요트');
Insert into ASA_STATIS_ISO_3166_1 (NUM_CODE,ALPHA_3,ALPHA_2,ENG_NAME,KOR_NAME) values ('446','MAC','MO','Macao','마카오');
Insert into ASA_STATIS_ISO_3166_1 (NUM_CODE,ALPHA_3,ALPHA_2,ENG_NAME,KOR_NAME) values ('807','MKD','MK','Macedonia, the Former Yugoslav Republic of','북마케도니아');
Insert into ASA_STATIS_ISO_3166_1 (NUM_CODE,ALPHA_3,ALPHA_2,ENG_NAME,KOR_NAME) values ('454','MWI','MW','Malawi','말라위');
Insert into ASA_STATIS_ISO_3166_1 (NUM_CODE,ALPHA_3,ALPHA_2,ENG_NAME,KOR_NAME) values ('458','MYS','MY','Malaysia','말레이시아');
Insert into ASA_STATIS_ISO_3166_1 (NUM_CODE,ALPHA_3,ALPHA_2,ENG_NAME,KOR_NAME) values ('466','MLI','ML','Mali','말리');
Insert into ASA_STATIS_ISO_3166_1 (NUM_CODE,ALPHA_3,ALPHA_2,ENG_NAME,KOR_NAME) values ('833','IMN','IM','Isle of Man','맨섬');
Insert into ASA_STATIS_ISO_3166_1 (NUM_CODE,ALPHA_3,ALPHA_2,ENG_NAME,KOR_NAME) values ('484','MEX','MX','Mexico','멕시코');
Insert into ASA_STATIS_ISO_3166_1 (NUM_CODE,ALPHA_3,ALPHA_2,ENG_NAME,KOR_NAME) values ('492','MCO','MC','Monaco','모나코');
Insert into ASA_STATIS_ISO_3166_1 (NUM_CODE,ALPHA_3,ALPHA_2,ENG_NAME,KOR_NAME) values ('504','MAR','MA','Morocco','모로코');
Insert into ASA_STATIS_ISO_3166_1 (NUM_CODE,ALPHA_3,ALPHA_2,ENG_NAME,KOR_NAME) values ('480','MUS','MU','Mauritius','모리셔스');
Insert into ASA_STATIS_ISO_3166_1 (NUM_CODE,ALPHA_3,ALPHA_2,ENG_NAME,KOR_NAME) values ('478','MRT','MR','Mauritania','모리타니');
Insert into ASA_STATIS_ISO_3166_1 (NUM_CODE,ALPHA_3,ALPHA_2,ENG_NAME,KOR_NAME) values ('508','MOZ','MZ','Mozambique','모잠비크');
Insert into ASA_STATIS_ISO_3166_1 (NUM_CODE,ALPHA_3,ALPHA_2,ENG_NAME,KOR_NAME) values ('499','MNE','ME','Montenegro','몬테네그로');
Insert into ASA_STATIS_ISO_3166_1 (NUM_CODE,ALPHA_3,ALPHA_2,ENG_NAME,KOR_NAME) values ('500','MSR','MS','Montserrat','몬트세랫');
Insert into ASA_STATIS_ISO_3166_1 (NUM_CODE,ALPHA_3,ALPHA_2,ENG_NAME,KOR_NAME) values ('498','MDA','MD','Moldova, Republic of','몰도바');
Insert into ASA_STATIS_ISO_3166_1 (NUM_CODE,ALPHA_3,ALPHA_2,ENG_NAME,KOR_NAME) values ('462','MDV','MV','Maldives','몰디브');
Insert into ASA_STATIS_ISO_3166_1 (NUM_CODE,ALPHA_3,ALPHA_2,ENG_NAME,KOR_NAME) values ('470','MLT','MT','Malta','몰타');
Insert into ASA_STATIS_ISO_3166_1 (NUM_CODE,ALPHA_3,ALPHA_2,ENG_NAME,KOR_NAME) values ('496','MNG','MN','Mongolia','몽골');
Insert into ASA_STATIS_ISO_3166_1 (NUM_CODE,ALPHA_3,ALPHA_2,ENG_NAME,KOR_NAME) values ('840','USA','US','United States','미국');
Insert into ASA_STATIS_ISO_3166_1 (NUM_CODE,ALPHA_3,ALPHA_2,ENG_NAME,KOR_NAME) values ('581','UMI','UM','United States Minor Outlying Islands','미국령 군소 제도');
Insert into ASA_STATIS_ISO_3166_1 (NUM_CODE,ALPHA_3,ALPHA_2,ENG_NAME,KOR_NAME) values ('850','VIR','VI','Virgin Islands, U.S.','미국령 버진아일랜드');
Insert into ASA_STATIS_ISO_3166_1 (NUM_CODE,ALPHA_3,ALPHA_2,ENG_NAME,KOR_NAME) values ('104','MMR','MM','Myanmar','미얀마');
Insert into ASA_STATIS_ISO_3166_1 (NUM_CODE,ALPHA_3,ALPHA_2,ENG_NAME,KOR_NAME) values ('583','FSM','FM','Micronesia, Federated States of','미크로네시아 연방');
Insert into ASA_STATIS_ISO_3166_1 (NUM_CODE,ALPHA_3,ALPHA_2,ENG_NAME,KOR_NAME) values ('548','VUT','VU','Vanuatu','바누아투');
Insert into ASA_STATIS_ISO_3166_1 (NUM_CODE,ALPHA_3,ALPHA_2,ENG_NAME,KOR_NAME) values ('48','BHR','BH','Bahrain','바레인');
Insert into ASA_STATIS_ISO_3166_1 (NUM_CODE,ALPHA_3,ALPHA_2,ENG_NAME,KOR_NAME) values ('52','BRB','BB','Barbados','바베이도스');
Insert into ASA_STATIS_ISO_3166_1 (NUM_CODE,ALPHA_3,ALPHA_2,ENG_NAME,KOR_NAME) values ('336','VAT','VA','Holy See (Vatican City State)','바티칸 시국');
Insert into ASA_STATIS_ISO_3166_1 (NUM_CODE,ALPHA_3,ALPHA_2,ENG_NAME,KOR_NAME) values ('44','BHS','BS','Bahamas','바하마');
Insert into ASA_STATIS_ISO_3166_1 (NUM_CODE,ALPHA_3,ALPHA_2,ENG_NAME,KOR_NAME) values ('50','BGD','BD','Bangladesh','방글라데시');
Insert into ASA_STATIS_ISO_3166_1 (NUM_CODE,ALPHA_3,ALPHA_2,ENG_NAME,KOR_NAME) values ('60','BMU','BM','Bermuda','버뮤다');
Insert into ASA_STATIS_ISO_3166_1 (NUM_CODE,ALPHA_3,ALPHA_2,ENG_NAME,KOR_NAME) values ('204','BEN','BJ','Benin','베냉');
Insert into ASA_STATIS_ISO_3166_1 (NUM_CODE,ALPHA_3,ALPHA_2,ENG_NAME,KOR_NAME) values ('862','VEN','VE','Venezuela, Bolivarian Republic of','베네수엘라');
Insert into ASA_STATIS_ISO_3166_1 (NUM_CODE,ALPHA_3,ALPHA_2,ENG_NAME,KOR_NAME) values ('704','VNM','VN','Viet Nam','베트남');
Insert into ASA_STATIS_ISO_3166_1 (NUM_CODE,ALPHA_3,ALPHA_2,ENG_NAME,KOR_NAME) values ('56','BEL','BE','Belgium','벨기에');
Insert into ASA_STATIS_ISO_3166_1 (NUM_CODE,ALPHA_3,ALPHA_2,ENG_NAME,KOR_NAME) values ('112','BLR','BY','Belarus','벨라루스');
Insert into ASA_STATIS_ISO_3166_1 (NUM_CODE,ALPHA_3,ALPHA_2,ENG_NAME,KOR_NAME) values ('84','BLZ','BZ','Belize','벨리즈');
Insert into ASA_STATIS_ISO_3166_1 (NUM_CODE,ALPHA_3,ALPHA_2,ENG_NAME,KOR_NAME) values ('70','BIH','BA','Bosnia and Herzegovina','보스니아 헤르체고비나');
Insert into ASA_STATIS_ISO_3166_1 (NUM_CODE,ALPHA_3,ALPHA_2,ENG_NAME,KOR_NAME) values ('72','BWA','BW','Botswana','보츠와나');
Insert into ASA_STATIS_ISO_3166_1 (NUM_CODE,ALPHA_3,ALPHA_2,ENG_NAME,KOR_NAME) values ('68','BOL','BO','Bolivia, Plurinational State of','볼리비아');
Insert into ASA_STATIS_ISO_3166_1 (NUM_CODE,ALPHA_3,ALPHA_2,ENG_NAME,KOR_NAME) values ('108','BDI','BI','Burundi','부룬디');
Insert into ASA_STATIS_ISO_3166_1 (NUM_CODE,ALPHA_3,ALPHA_2,ENG_NAME,KOR_NAME) values ('854','BFA','BF','Burkina Faso','부르키나파소');
Insert into ASA_STATIS_ISO_3166_1 (NUM_CODE,ALPHA_3,ALPHA_2,ENG_NAME,KOR_NAME) values ('74','BVT','BV','Bouvet Island','부베 섬');
Insert into ASA_STATIS_ISO_3166_1 (NUM_CODE,ALPHA_3,ALPHA_2,ENG_NAME,KOR_NAME) values ('64','BTN','BT','Bhutan','부탄');
Insert into ASA_STATIS_ISO_3166_1 (NUM_CODE,ALPHA_3,ALPHA_2,ENG_NAME,KOR_NAME) values ('580','MNP','MP','Northern Mariana Islands','북마리아나 제도');
Insert into ASA_STATIS_ISO_3166_1 (NUM_CODE,ALPHA_3,ALPHA_2,ENG_NAME,KOR_NAME) values ('100','BGR','BG','Bulgaria','불가리아');
Insert into ASA_STATIS_ISO_3166_1 (NUM_CODE,ALPHA_3,ALPHA_2,ENG_NAME,KOR_NAME) values ('76','BRA','BR','Brazil','브라질');
Insert into ASA_STATIS_ISO_3166_1 (NUM_CODE,ALPHA_3,ALPHA_2,ENG_NAME,KOR_NAME) values ('96','BRN','BN','Brunei Darussalam','브루나이');
Insert into ASA_STATIS_ISO_3166_1 (NUM_CODE,ALPHA_3,ALPHA_2,ENG_NAME,KOR_NAME) values ('882','WSM','WS','Samoa','사모아');
Insert into ASA_STATIS_ISO_3166_1 (NUM_CODE,ALPHA_3,ALPHA_2,ENG_NAME,KOR_NAME) values ('682','SAU','SA','Saudi Arabia','사우디아라비아');
Insert into ASA_STATIS_ISO_3166_1 (NUM_CODE,ALPHA_3,ALPHA_2,ENG_NAME,KOR_NAME) values ('239','SGS','GS','South Georgia and the South Sandwich Islands','사우스조지아 사우스샌드위치 제도');
Insert into ASA_STATIS_ISO_3166_1 (NUM_CODE,ALPHA_3,ALPHA_2,ENG_NAME,KOR_NAME) values ('674','SMR','SM','San Marino','산마리노');
Insert into ASA_STATIS_ISO_3166_1 (NUM_CODE,ALPHA_3,ALPHA_2,ENG_NAME,KOR_NAME) values ('678','STP','ST','Sao Tome and Principe','상투메 프린시페');
Insert into ASA_STATIS_ISO_3166_1 (NUM_CODE,ALPHA_3,ALPHA_2,ENG_NAME,KOR_NAME) values ('666','SPM','PM','Saint Pierre and Miquelon','생피에르 미클롱');
Insert into ASA_STATIS_ISO_3166_1 (NUM_CODE,ALPHA_3,ALPHA_2,ENG_NAME,KOR_NAME) values ('732','ESH','EH','Western Sahara','서사하라');
Insert into ASA_STATIS_ISO_3166_1 (NUM_CODE,ALPHA_3,ALPHA_2,ENG_NAME,KOR_NAME) values ('686','SEN','SN','Senegal','세네갈');
Insert into ASA_STATIS_ISO_3166_1 (NUM_CODE,ALPHA_3,ALPHA_2,ENG_NAME,KOR_NAME) values ('688','SRB','RS','Serbia','세르비아');
Insert into ASA_STATIS_ISO_3166_1 (NUM_CODE,ALPHA_3,ALPHA_2,ENG_NAME,KOR_NAME) values ('690','SYC','SC','Seychelles','세이셸');
Insert into ASA_STATIS_ISO_3166_1 (NUM_CODE,ALPHA_3,ALPHA_2,ENG_NAME,KOR_NAME) values ('662','LCA','LC','Saint Lucia','세인트루시아');
Insert into ASA_STATIS_ISO_3166_1 (NUM_CODE,ALPHA_3,ALPHA_2,ENG_NAME,KOR_NAME) values ('670','VCT','VC','Saint Vincent and the Grenadines','세인트빈센트 그레나딘');
Insert into ASA_STATIS_ISO_3166_1 (NUM_CODE,ALPHA_3,ALPHA_2,ENG_NAME,KOR_NAME) values ('659','KNA','KN','Saint Kitts and Nevis','세인트키츠 네비스');
Insert into ASA_STATIS_ISO_3166_1 (NUM_CODE,ALPHA_3,ALPHA_2,ENG_NAME,KOR_NAME) values ('654','SHN','SH','Saint Helena, Ascension and Tristan da Cunha','세인트헬레나');
Insert into ASA_STATIS_ISO_3166_1 (NUM_CODE,ALPHA_3,ALPHA_2,ENG_NAME,KOR_NAME) values ('706','SOM','SO','Somalia','소말리아');
Insert into ASA_STATIS_ISO_3166_1 (NUM_CODE,ALPHA_3,ALPHA_2,ENG_NAME,KOR_NAME) values ('90','SLB','SB','Solomon Islands','솔로몬 제도');
Insert into ASA_STATIS_ISO_3166_1 (NUM_CODE,ALPHA_3,ALPHA_2,ENG_NAME,KOR_NAME) values ('729','SDN','SD','Sudan','수단');
Insert into ASA_STATIS_ISO_3166_1 (NUM_CODE,ALPHA_3,ALPHA_2,ENG_NAME,KOR_NAME) values ('740','SUR','SR','Suriname','수리남');
Insert into ASA_STATIS_ISO_3166_1 (NUM_CODE,ALPHA_3,ALPHA_2,ENG_NAME,KOR_NAME) values ('144','LKA','LK','Sri Lanka','스리랑카');
Insert into ASA_STATIS_ISO_3166_1 (NUM_CODE,ALPHA_3,ALPHA_2,ENG_NAME,KOR_NAME) values ('744','SJM','SJ','Svalbard and Jan Mayen','스발바르 얀마옌');
Insert into ASA_STATIS_ISO_3166_1 (NUM_CODE,ALPHA_3,ALPHA_2,ENG_NAME,KOR_NAME) values ('752','SWE','SE','Sweden','스웨덴');
Insert into ASA_STATIS_ISO_3166_1 (NUM_CODE,ALPHA_3,ALPHA_2,ENG_NAME,KOR_NAME) values ('756','CHE','CH','Switzerland','스위스');
Insert into ASA_STATIS_ISO_3166_1 (NUM_CODE,ALPHA_3,ALPHA_2,ENG_NAME,KOR_NAME) values ('724','ESP','ES','Spain','스페인');
Insert into ASA_STATIS_ISO_3166_1 (NUM_CODE,ALPHA_3,ALPHA_2,ENG_NAME,KOR_NAME) values ('703','SVK','SK','Slovakia','슬로바키아');
Insert into ASA_STATIS_ISO_3166_1 (NUM_CODE,ALPHA_3,ALPHA_2,ENG_NAME,KOR_NAME) values ('705','SVN','SI','Slovenia','슬로베니아');
Insert into ASA_STATIS_ISO_3166_1 (NUM_CODE,ALPHA_3,ALPHA_2,ENG_NAME,KOR_NAME) values ('760','SYR','SY','Syrian Arab Republic','시리아');
Insert into ASA_STATIS_ISO_3166_1 (NUM_CODE,ALPHA_3,ALPHA_2,ENG_NAME,KOR_NAME) values ('694','SLE','SL','Sierra Leone','시에라리온');
Insert into ASA_STATIS_ISO_3166_1 (NUM_CODE,ALPHA_3,ALPHA_2,ENG_NAME,KOR_NAME) values ('534','SXM','SX','Sint Maarten (Dutch part)','신트마르턴');
Insert into ASA_STATIS_ISO_3166_1 (NUM_CODE,ALPHA_3,ALPHA_2,ENG_NAME,KOR_NAME) values ('702','SGP','SG','Singapore','싱가포르');
Insert into ASA_STATIS_ISO_3166_1 (NUM_CODE,ALPHA_3,ALPHA_2,ENG_NAME,KOR_NAME) values ('784','ARE','AE','United Arab Emirates','아랍에미리트');
Insert into ASA_STATIS_ISO_3166_1 (NUM_CODE,ALPHA_3,ALPHA_2,ENG_NAME,KOR_NAME) values ('533','ABW','AW','Aruba','아루바');
Insert into ASA_STATIS_ISO_3166_1 (NUM_CODE,ALPHA_3,ALPHA_2,ENG_NAME,KOR_NAME) values ('51','ARM','AM','Armenia','아르메니아');
Insert into ASA_STATIS_ISO_3166_1 (NUM_CODE,ALPHA_3,ALPHA_2,ENG_NAME,KOR_NAME) values ('32','ARG','AR','Argentina','아르헨티나');
Insert into ASA_STATIS_ISO_3166_1 (NUM_CODE,ALPHA_3,ALPHA_2,ENG_NAME,KOR_NAME) values ('16','ASM','AS','American Samoa','아메리칸사모아');
Insert into ASA_STATIS_ISO_3166_1 (NUM_CODE,ALPHA_3,ALPHA_2,ENG_NAME,KOR_NAME) values ('352','ISL','IS','Iceland','아이슬란드');
Insert into ASA_STATIS_ISO_3166_1 (NUM_CODE,ALPHA_3,ALPHA_2,ENG_NAME,KOR_NAME) values ('332','HTI','HT','Haiti','아이티');
Insert into ASA_STATIS_ISO_3166_1 (NUM_CODE,ALPHA_3,ALPHA_2,ENG_NAME,KOR_NAME) values ('372','IRL','IE','Ireland','아일랜드');
Insert into ASA_STATIS_ISO_3166_1 (NUM_CODE,ALPHA_3,ALPHA_2,ENG_NAME,KOR_NAME) values ('31','AZE','AZ','Azerbaijan','아제르바이잔');
Insert into ASA_STATIS_ISO_3166_1 (NUM_CODE,ALPHA_3,ALPHA_2,ENG_NAME,KOR_NAME) values ('4','AFG','AF','Afghanistan','아프가니스탄');
Insert into ASA_STATIS_ISO_3166_1 (NUM_CODE,ALPHA_3,ALPHA_2,ENG_NAME,KOR_NAME) values ('20','AND','AD','Andorra','안도라');
Insert into ASA_STATIS_ISO_3166_1 (NUM_CODE,ALPHA_3,ALPHA_2,ENG_NAME,KOR_NAME) values ('8','ALB','AL','Albania','알바니아');
Insert into ASA_STATIS_ISO_3166_1 (NUM_CODE,ALPHA_3,ALPHA_2,ENG_NAME,KOR_NAME) values ('12','DZA','DZ','Algeria','알제리');
Insert into ASA_STATIS_ISO_3166_1 (NUM_CODE,ALPHA_3,ALPHA_2,ENG_NAME,KOR_NAME) values ('24','AGO','AO','Angola','앙골라');
Insert into ASA_STATIS_ISO_3166_1 (NUM_CODE,ALPHA_3,ALPHA_2,ENG_NAME,KOR_NAME) values ('28','ATG','AG','Antigua and Barbuda','앤티가 바부다');
Insert into ASA_STATIS_ISO_3166_1 (NUM_CODE,ALPHA_3,ALPHA_2,ENG_NAME,KOR_NAME) values ('660','AIA','AI','Anguilla','앵귈라');
Insert into ASA_STATIS_ISO_3166_1 (NUM_CODE,ALPHA_3,ALPHA_2,ENG_NAME,KOR_NAME) values ('232','ERI','ER','Eritrea','에리트레아');
Insert into ASA_STATIS_ISO_3166_1 (NUM_CODE,ALPHA_3,ALPHA_2,ENG_NAME,KOR_NAME) values ('748','SWZ','SZ','Swaziland','에스와티니');
Insert into ASA_STATIS_ISO_3166_1 (NUM_CODE,ALPHA_3,ALPHA_2,ENG_NAME,KOR_NAME) values ('233','EST','EE','Estonia','에스토니아');
Insert into ASA_STATIS_ISO_3166_1 (NUM_CODE,ALPHA_3,ALPHA_2,ENG_NAME,KOR_NAME) values ('218','ECU','EC','Ecuador','에콰도르');
Insert into ASA_STATIS_ISO_3166_1 (NUM_CODE,ALPHA_3,ALPHA_2,ENG_NAME,KOR_NAME) values ('231','ETH','ET','Ethiopia','에티오피아');
Insert into ASA_STATIS_ISO_3166_1 (NUM_CODE,ALPHA_3,ALPHA_2,ENG_NAME,KOR_NAME) values ('222','SLV','SV','El Salvador','엘살바도르');
Insert into ASA_STATIS_ISO_3166_1 (NUM_CODE,ALPHA_3,ALPHA_2,ENG_NAME,KOR_NAME) values ('826','GBR','GB','United Kingdom','영국');
Insert into ASA_STATIS_ISO_3166_1 (NUM_CODE,ALPHA_3,ALPHA_2,ENG_NAME,KOR_NAME) values ('92','VGB','VG','Virgin Islands, British','영국령 버진아일랜드');
Insert into ASA_STATIS_ISO_3166_1 (NUM_CODE,ALPHA_3,ALPHA_2,ENG_NAME,KOR_NAME) values ('86','IOT','IO','British Indian Ocean Territory','영국령 인도양 지역');
Insert into ASA_STATIS_ISO_3166_1 (NUM_CODE,ALPHA_3,ALPHA_2,ENG_NAME,KOR_NAME) values ('887','YEM','YE','Yemen','예멘');
Insert into ASA_STATIS_ISO_3166_1 (NUM_CODE,ALPHA_3,ALPHA_2,ENG_NAME,KOR_NAME) values ('512','OMN','OM','Oman','오만');
Insert into ASA_STATIS_ISO_3166_1 (NUM_CODE,ALPHA_3,ALPHA_2,ENG_NAME,KOR_NAME) values ('36','AUS','AU','Australia','오스트레일리아');
Insert into ASA_STATIS_ISO_3166_1 (NUM_CODE,ALPHA_3,ALPHA_2,ENG_NAME,KOR_NAME) values ('40','AUT','AT','Austria','오스트리아');
Insert into ASA_STATIS_ISO_3166_1 (NUM_CODE,ALPHA_3,ALPHA_2,ENG_NAME,KOR_NAME) values ('340','HND','HN','Honduras','온두라스');
Insert into ASA_STATIS_ISO_3166_1 (NUM_CODE,ALPHA_3,ALPHA_2,ENG_NAME,KOR_NAME) values ('248','ALA','AX','Aland Islands','올란드 제도');
Insert into ASA_STATIS_ISO_3166_1 (NUM_CODE,ALPHA_3,ALPHA_2,ENG_NAME,KOR_NAME) values ('400','JOR','JO','Jordan','요르단');
Insert into ASA_STATIS_ISO_3166_1 (NUM_CODE,ALPHA_3,ALPHA_2,ENG_NAME,KOR_NAME) values ('800','UGA','UG','Uganda','우간다');
Insert into ASA_STATIS_ISO_3166_1 (NUM_CODE,ALPHA_3,ALPHA_2,ENG_NAME,KOR_NAME) values ('858','URY','UY','Uruguay','우루과이');
Insert into ASA_STATIS_ISO_3166_1 (NUM_CODE,ALPHA_3,ALPHA_2,ENG_NAME,KOR_NAME) values ('860','UZB','UZ','Uzbekistan','우즈베키스탄');
Insert into ASA_STATIS_ISO_3166_1 (NUM_CODE,ALPHA_3,ALPHA_2,ENG_NAME,KOR_NAME) values ('804','UKR','UA','Ukraine','우크라이나');
Insert into ASA_STATIS_ISO_3166_1 (NUM_CODE,ALPHA_3,ALPHA_2,ENG_NAME,KOR_NAME) values ('876','WLF','WF','Wallis and Futuna','왈리스 퓌튀나');
Insert into ASA_STATIS_ISO_3166_1 (NUM_CODE,ALPHA_3,ALPHA_2,ENG_NAME,KOR_NAME) values ('368','IRQ','IQ','Iraq','이라크');
Insert into ASA_STATIS_ISO_3166_1 (NUM_CODE,ALPHA_3,ALPHA_2,ENG_NAME,KOR_NAME) values ('364','IRN','IR','Iran, Islamic Republic of','이란');
Insert into ASA_STATIS_ISO_3166_1 (NUM_CODE,ALPHA_3,ALPHA_2,ENG_NAME,KOR_NAME) values ('376','ISR','IL','Israel','이스라엘');
Insert into ASA_STATIS_ISO_3166_1 (NUM_CODE,ALPHA_3,ALPHA_2,ENG_NAME,KOR_NAME) values ('818','EGY','EG','Egypt','이집트');
Insert into ASA_STATIS_ISO_3166_1 (NUM_CODE,ALPHA_3,ALPHA_2,ENG_NAME,KOR_NAME) values ('380','ITA','IT','Italy','이탈리아');
Insert into ASA_STATIS_ISO_3166_1 (NUM_CODE,ALPHA_3,ALPHA_2,ENG_NAME,KOR_NAME) values ('356','IND','IN','India','인도');
Insert into ASA_STATIS_ISO_3166_1 (NUM_CODE,ALPHA_3,ALPHA_2,ENG_NAME,KOR_NAME) values ('360','IDN','ID','Indonesia','인도네시아');
Insert into ASA_STATIS_ISO_3166_1 (NUM_CODE,ALPHA_3,ALPHA_2,ENG_NAME,KOR_NAME) values ('392','JPN','JP','Japan','일본');
Insert into ASA_STATIS_ISO_3166_1 (NUM_CODE,ALPHA_3,ALPHA_2,ENG_NAME,KOR_NAME) values ('388','JAM','JM','Jamaica','자메이카');
Insert into ASA_STATIS_ISO_3166_1 (NUM_CODE,ALPHA_3,ALPHA_2,ENG_NAME,KOR_NAME) values ('894','ZMB','ZM','Zambia','잠비아');
Insert into ASA_STATIS_ISO_3166_1 (NUM_CODE,ALPHA_3,ALPHA_2,ENG_NAME,KOR_NAME) values ('832','JEY','JE','Jersey','저지섬');
Insert into ASA_STATIS_ISO_3166_1 (NUM_CODE,ALPHA_3,ALPHA_2,ENG_NAME,KOR_NAME) values ('226','GNQ','GQ','Equatorial Guinea','적도 기니');
Insert into ASA_STATIS_ISO_3166_1 (NUM_CODE,ALPHA_3,ALPHA_2,ENG_NAME,KOR_NAME) values ('408','PRK','KP','Korea, Democratic People''s Republic of','조선민주주의인민공화국');
Insert into ASA_STATIS_ISO_3166_1 (NUM_CODE,ALPHA_3,ALPHA_2,ENG_NAME,KOR_NAME) values ('268','GEO','GE','Georgia','조지아');
Insert into ASA_STATIS_ISO_3166_1 (NUM_CODE,ALPHA_3,ALPHA_2,ENG_NAME,KOR_NAME) values ('156','CHN','CN','China','중국');
Insert into ASA_STATIS_ISO_3166_1 (NUM_CODE,ALPHA_3,ALPHA_2,ENG_NAME,KOR_NAME) values ('140','CAF','CF','Central African Republic','중앙아프리카 공화국');
Insert into ASA_STATIS_ISO_3166_1 (NUM_CODE,ALPHA_3,ALPHA_2,ENG_NAME,KOR_NAME) values ('262','DJI','DJ','Djibouti','지부티');
Insert into ASA_STATIS_ISO_3166_1 (NUM_CODE,ALPHA_3,ALPHA_2,ENG_NAME,KOR_NAME) values ('292','GIB','GI','Gibraltar','지브롤터');
Insert into ASA_STATIS_ISO_3166_1 (NUM_CODE,ALPHA_3,ALPHA_2,ENG_NAME,KOR_NAME) values ('716','ZWE','ZW','Zimbabwe','짐바브웨');
Insert into ASA_STATIS_ISO_3166_1 (NUM_CODE,ALPHA_3,ALPHA_2,ENG_NAME,KOR_NAME) values ('148','TCD','TD','Chad','차드');
Insert into ASA_STATIS_ISO_3166_1 (NUM_CODE,ALPHA_3,ALPHA_2,ENG_NAME,KOR_NAME) values ('203','CZE','CZ','Czech Republic','체코');
Insert into ASA_STATIS_ISO_3166_1 (NUM_CODE,ALPHA_3,ALPHA_2,ENG_NAME,KOR_NAME) values ('152','CHL','CL','Chile','칠레');
Insert into ASA_STATIS_ISO_3166_1 (NUM_CODE,ALPHA_3,ALPHA_2,ENG_NAME,KOR_NAME) values ('120','CMR','CM','Cameroon','카메룬');
Insert into ASA_STATIS_ISO_3166_1 (NUM_CODE,ALPHA_3,ALPHA_2,ENG_NAME,KOR_NAME) values ('132','CPV','CV','Cape Verde','카보베르데');
Insert into ASA_STATIS_ISO_3166_1 (NUM_CODE,ALPHA_3,ALPHA_2,ENG_NAME,KOR_NAME) values ('398','KAZ','KZ','Kazakhstan','카자흐스탄');
Insert into ASA_STATIS_ISO_3166_1 (NUM_CODE,ALPHA_3,ALPHA_2,ENG_NAME,KOR_NAME) values ('634','QAT','QA','Qatar','카타르');
Insert into ASA_STATIS_ISO_3166_1 (NUM_CODE,ALPHA_3,ALPHA_2,ENG_NAME,KOR_NAME) values ('116','KHM','KH','Cambodia','캄보디아');
Insert into ASA_STATIS_ISO_3166_1 (NUM_CODE,ALPHA_3,ALPHA_2,ENG_NAME,KOR_NAME) values ('124','CAN','CA','Canada','캐나다');
Insert into ASA_STATIS_ISO_3166_1 (NUM_CODE,ALPHA_3,ALPHA_2,ENG_NAME,KOR_NAME) values ('404','KEN','KE','Kenya','케냐');
Insert into ASA_STATIS_ISO_3166_1 (NUM_CODE,ALPHA_3,ALPHA_2,ENG_NAME,KOR_NAME) values ('136','CYM','KY','Cayman Islands','케이맨 제도');
Insert into ASA_STATIS_ISO_3166_1 (NUM_CODE,ALPHA_3,ALPHA_2,ENG_NAME,KOR_NAME) values ('174','COM','KM','Comoros','코모로');
Insert into ASA_STATIS_ISO_3166_1 (NUM_CODE,ALPHA_3,ALPHA_2,ENG_NAME,KOR_NAME) values ('188','CRI','CR','Costa Rica','코스타리카');
Insert into ASA_STATIS_ISO_3166_1 (NUM_CODE,ALPHA_3,ALPHA_2,ENG_NAME,KOR_NAME) values ('166','CCK','CC','Cocos (Keeling) Islands','코코스 제도');
Insert into ASA_STATIS_ISO_3166_1 (NUM_CODE,ALPHA_3,ALPHA_2,ENG_NAME,KOR_NAME) values ('384','CIV','CI','Cote d''Ivoire','코트디부아르');
Insert into ASA_STATIS_ISO_3166_1 (NUM_CODE,ALPHA_3,ALPHA_2,ENG_NAME,KOR_NAME) values ('170','COL','CO','Colombia','콜롬비아');
Insert into ASA_STATIS_ISO_3166_1 (NUM_CODE,ALPHA_3,ALPHA_2,ENG_NAME,KOR_NAME) values ('178','COG','CG','Congo','콩고 공화국');
Insert into ASA_STATIS_ISO_3166_1 (NUM_CODE,ALPHA_3,ALPHA_2,ENG_NAME,KOR_NAME) values ('180','COD','CD','Congo, the Democratic Republic of the','콩고 민주 공화국');
Insert into ASA_STATIS_ISO_3166_1 (NUM_CODE,ALPHA_3,ALPHA_2,ENG_NAME,KOR_NAME) values ('192','CUB','CU','Cuba','쿠바');
Insert into ASA_STATIS_ISO_3166_1 (NUM_CODE,ALPHA_3,ALPHA_2,ENG_NAME,KOR_NAME) values ('414','KWT','KW','Kuwait','쿠웨이트');
Insert into ASA_STATIS_ISO_3166_1 (NUM_CODE,ALPHA_3,ALPHA_2,ENG_NAME,KOR_NAME) values ('184','COK','CK','Cook Islands','쿡 제도');
Insert into ASA_STATIS_ISO_3166_1 (NUM_CODE,ALPHA_3,ALPHA_2,ENG_NAME,KOR_NAME) values ('191','HRV','HR','Croatia','크로아티아');
Insert into ASA_STATIS_ISO_3166_1 (NUM_CODE,ALPHA_3,ALPHA_2,ENG_NAME,KOR_NAME) values ('162','CXR','CX','Christmas Island','크리스마스 섬');
Insert into ASA_STATIS_ISO_3166_1 (NUM_CODE,ALPHA_3,ALPHA_2,ENG_NAME,KOR_NAME) values ('417','KGZ','KG','Kyrgyzstan','키르기스스탄');
Insert into ASA_STATIS_ISO_3166_1 (NUM_CODE,ALPHA_3,ALPHA_2,ENG_NAME,KOR_NAME) values ('296','KIR','KI','Kiribati','키리바시');
Insert into ASA_STATIS_ISO_3166_1 (NUM_CODE,ALPHA_3,ALPHA_2,ENG_NAME,KOR_NAME) values ('196','CYP','CY','Cyprus','키프로스');
Insert into ASA_STATIS_ISO_3166_1 (NUM_CODE,ALPHA_3,ALPHA_2,ENG_NAME,KOR_NAME) values ('158','TWN','TW','Taiwan, Province of China','타이완');
Insert into ASA_STATIS_ISO_3166_1 (NUM_CODE,ALPHA_3,ALPHA_2,ENG_NAME,KOR_NAME) values ('762','TJK','TJ','Tajikistan','타지키스탄');
Insert into ASA_STATIS_ISO_3166_1 (NUM_CODE,ALPHA_3,ALPHA_2,ENG_NAME,KOR_NAME) values ('834','TZA','TZ','Tanzania, United Republic of','탄자니아');
Insert into ASA_STATIS_ISO_3166_1 (NUM_CODE,ALPHA_3,ALPHA_2,ENG_NAME,KOR_NAME) values ('764','THA','TH','Thailand','태국');
Insert into ASA_STATIS_ISO_3166_1 (NUM_CODE,ALPHA_3,ALPHA_2,ENG_NAME,KOR_NAME) values ('796','TCA','TC','Turks and Caicos Islands','터크스 케이커스 제도');
Insert into ASA_STATIS_ISO_3166_1 (NUM_CODE,ALPHA_3,ALPHA_2,ENG_NAME,KOR_NAME) values ('792','TUR','TR','Turkey','터키');
Insert into ASA_STATIS_ISO_3166_1 (NUM_CODE,ALPHA_3,ALPHA_2,ENG_NAME,KOR_NAME) values ('768','TGO','TG','Togo','토고');
Insert into ASA_STATIS_ISO_3166_1 (NUM_CODE,ALPHA_3,ALPHA_2,ENG_NAME,KOR_NAME) values ('772','TKL','TK','Tokelau','토켈라우');
Insert into ASA_STATIS_ISO_3166_1 (NUM_CODE,ALPHA_3,ALPHA_2,ENG_NAME,KOR_NAME) values ('776','TON','TO','Tonga','통가');
Insert into ASA_STATIS_ISO_3166_1 (NUM_CODE,ALPHA_3,ALPHA_2,ENG_NAME,KOR_NAME) values ('795','TKM','TM','Turkmenistan','투르크메니스탄');
Insert into ASA_STATIS_ISO_3166_1 (NUM_CODE,ALPHA_3,ALPHA_2,ENG_NAME,KOR_NAME) values ('798','TUV','TV','Tuvalu','투발루');
Insert into ASA_STATIS_ISO_3166_1 (NUM_CODE,ALPHA_3,ALPHA_2,ENG_NAME,KOR_NAME) values ('788','TUN','TN','Tunisia','튀니지');
Insert into ASA_STATIS_ISO_3166_1 (NUM_CODE,ALPHA_3,ALPHA_2,ENG_NAME,KOR_NAME) values ('780','TTO','TT','Trinidad and Tobago','트리니다드 토바고');
Insert into ASA_STATIS_ISO_3166_1 (NUM_CODE,ALPHA_3,ALPHA_2,ENG_NAME,KOR_NAME) values ('591','PAN','PA','Panama','파나마');
Insert into ASA_STATIS_ISO_3166_1 (NUM_CODE,ALPHA_3,ALPHA_2,ENG_NAME,KOR_NAME) values ('600','PRY','PY','Paraguay','파라과이');
Insert into ASA_STATIS_ISO_3166_1 (NUM_CODE,ALPHA_3,ALPHA_2,ENG_NAME,KOR_NAME) values ('586','PAK','PK','Pakistan','파키스탄');
Insert into ASA_STATIS_ISO_3166_1 (NUM_CODE,ALPHA_3,ALPHA_2,ENG_NAME,KOR_NAME) values ('598','PNG','PG','Papua New Guinea','파푸아뉴기니');
Insert into ASA_STATIS_ISO_3166_1 (NUM_CODE,ALPHA_3,ALPHA_2,ENG_NAME,KOR_NAME) values ('585','PLW','PW','Palau','팔라우');
Insert into ASA_STATIS_ISO_3166_1 (NUM_CODE,ALPHA_3,ALPHA_2,ENG_NAME,KOR_NAME) values ('275','PSE','PS','Palestine, State of','팔레스타인');
Insert into ASA_STATIS_ISO_3166_1 (NUM_CODE,ALPHA_3,ALPHA_2,ENG_NAME,KOR_NAME) values ('234','FRO','FO','Faroe Islands','페로 제도');
Insert into ASA_STATIS_ISO_3166_1 (NUM_CODE,ALPHA_3,ALPHA_2,ENG_NAME,KOR_NAME) values ('604','PER','PE','Peru','페루');
Insert into ASA_STATIS_ISO_3166_1 (NUM_CODE,ALPHA_3,ALPHA_2,ENG_NAME,KOR_NAME) values ('620','PRT','PT','Portugal','포르투갈');
Insert into ASA_STATIS_ISO_3166_1 (NUM_CODE,ALPHA_3,ALPHA_2,ENG_NAME,KOR_NAME) values ('238','FLK','FK','Falkland Islands (Malvinas)','포클랜드 제도');
Insert into ASA_STATIS_ISO_3166_1 (NUM_CODE,ALPHA_3,ALPHA_2,ENG_NAME,KOR_NAME) values ('616','POL','PL','Poland','폴란드');
Insert into ASA_STATIS_ISO_3166_1 (NUM_CODE,ALPHA_3,ALPHA_2,ENG_NAME,KOR_NAME) values ('630','PRI','PR','Puerto Rico','푸에르토리코');
Insert into ASA_STATIS_ISO_3166_1 (NUM_CODE,ALPHA_3,ALPHA_2,ENG_NAME,KOR_NAME) values ('250','FRA','FR','France','프랑스');
Insert into ASA_STATIS_ISO_3166_1 (NUM_CODE,ALPHA_3,ALPHA_2,ENG_NAME,KOR_NAME) values ('254','GUF','GF','French Guiana','프랑스령 기아나');
Insert into ASA_STATIS_ISO_3166_1 (NUM_CODE,ALPHA_3,ALPHA_2,ENG_NAME,KOR_NAME) values ('260','ATF','TF','French Southern Territories','프랑스령 남방 및 남극');
Insert into ASA_STATIS_ISO_3166_1 (NUM_CODE,ALPHA_3,ALPHA_2,ENG_NAME,KOR_NAME) values ('258','PYF','PF','French Polynesia','프랑스령 폴리네시아');
Insert into ASA_STATIS_ISO_3166_1 (NUM_CODE,ALPHA_3,ALPHA_2,ENG_NAME,KOR_NAME) values ('242','FJI','FJ','Fiji','피지');
Insert into ASA_STATIS_ISO_3166_1 (NUM_CODE,ALPHA_3,ALPHA_2,ENG_NAME,KOR_NAME) values ('246','FIN','FI','Finland','핀란드');
Insert into ASA_STATIS_ISO_3166_1 (NUM_CODE,ALPHA_3,ALPHA_2,ENG_NAME,KOR_NAME) values ('608','PHL','PH','Philippines','필리핀');
Insert into ASA_STATIS_ISO_3166_1 (NUM_CODE,ALPHA_3,ALPHA_2,ENG_NAME,KOR_NAME) values ('612','PCN','PN','Pitcairn','핏케언 제도');
Insert into ASA_STATIS_ISO_3166_1 (NUM_CODE,ALPHA_3,ALPHA_2,ENG_NAME,KOR_NAME) values ('334','HMD','HM','Heard Island and McDonald Islands','허드 맥도널드 제도');
Insert into ASA_STATIS_ISO_3166_1 (NUM_CODE,ALPHA_3,ALPHA_2,ENG_NAME,KOR_NAME) values ('348','HUN','HU','Hungary','헝가리');
Insert into ASA_STATIS_ISO_3166_1 (NUM_CODE,ALPHA_3,ALPHA_2,ENG_NAME,KOR_NAME) values ('344','HKG','HK','Hong Kong','홍콩');
Insert into ASA_STATIS_ISO_3166_1 (NUM_CODE,ALPHA_3,ALPHA_2,ENG_NAME,KOR_NAME) values ('599','BES','BQ','Bonaire, Sint Eustatius and Saba','카리브 네덜란드');
Insert into ASA_STATIS_ISO_3166_1 (NUM_CODE,ALPHA_3,ALPHA_2,ENG_NAME,KOR_NAME) values ('599',null,'CW','Curacao','퀴라소');
Insert into ASA_STATIS_ISO_3166_1 (NUM_CODE,ALPHA_3,ALPHA_2,ENG_NAME,KOR_NAME) values ('590',null,'BL','Saint Barthelemy','생바르텔레미');
Insert into ASA_STATIS_ISO_3166_1 (NUM_CODE,ALPHA_3,ALPHA_2,ENG_NAME,KOR_NAME) values (null,null,'MF','Saint Martin (French part)','세인트마틴섬');



COMMIT;